YEAR,SEGMENT_ID,UNIQUEID,F_ID,SPECIES,TAGNUMBER,WEIGHT,LENGTH,KN,OTOLITH,RAYSPINE,SCALE,FTPREFIX,FTNUM,FTMR,CWTYN,DANGLER,SCUTELOC,SCUTENUM,ELHV,ELCOLOR,ERHV,ERCOLOR,OTHER_TAG_INFO
2016.00,1,190955.00,1840557.00,PDSG,6C00110158,330.00,479.00,1,,,,,,,N,N,N,,H,Y,,N,nl2 removed
2016.00,2,187595.00,1804781.00,PDSG,4A49186A37,189.00,379.00,1,,,,,,,N,N,R,4,,N,,N,
2016.00,2,187592.00,1804796.00,PDSG,4626131946,200.00,392.00,1,,,,,,,N,N,L,5,,N,,N,
2016.00,2,186535.00,1800693.00,PDSG,4A4A0B7619,340.00,451.00,1,,,,,,,N,N,L,2,V,O,V,U,
2016.00,2,186535.00,1800694.00,PDSG,6C00110149,265.00,411.00,1,,,,,,,U,N,L,5,,N,,N,nl2 removed
2016.00,2,187600.00,1804679.00,PDSG,487F395575,275.00,440.00,1,,,,,,,N,N,R,5,,N,,N,
2016.00,2,186038.00,1798589.00,PDSG,6C00110356,180.00,387.00,1,,,,,,,N,N,N,,V,P,V,G,l2removed
2016.00,2,186027.00,1798647.00,PDSG,6C00110239,240.00,441.00,1,,,,,,,N,N,N,,H,Y,V,U,nl2removed
2016.00,2,186027.00,1798648.00,PDSG,6C00110155,150.00,377.00,1,,,,,,,N,N,N,,V,P,V,G,nl2removed
2016.00,2,186031.00,1798506.00,PDSG,6C00110312,180.00,391.00,1,,,,,,,N,N,N,,,N,,N,
2016.00,2,186033.00,1798520.00,PDSG,6C00110221,260.00,420.00,1,,,,,,,N,N,N,,H,O,V,U,nl2removed
2016.00,2,186017.00,1798544.00,PDSG,6C00110151,230.00,392.00,1,,,,,,,N,N,N,,H,O,V,G,nl2 removed
2016.00,2,186036.00,1798582.00,PDSG,6C00110227,137.00,353.00,1,,,,,,,N,N,N,,V,P,,N,l2removed
2016.00,2,192659.00,1852648.00,PDSG,6C00110156,230.00,401.00,1,,,,,,,N,N,N,,,N,,N,
2016.00,2,192662.00,1852665.00,PDSG,6C00096857,120.00,350.00,1,,,,,,,N,N,L,3,,N,,N,
2016.00,2,192670.00,1852688.00,PDSG,4A47635E4F,160.00,371.00,1,,,,,,,N,N,L,7,,N,,N,
2016.00,2,192677.00,1852706.00,PDSG,4A4875622C,195.00,398.00,1,,,,,,,N,N,L,2,V,Y,V,V,
2016.00,2,192648.00,1852775.00,PDSG,6C00110377,150.00,392.00,1,,,,,,,N,N,L,3,,N,,N,
2016.00,2,192638.00,1852804.00,PDSG,4A46326A55,255.00,413.00,1,,,,,,,N,N,L,5,,N,,N,
2016.00,2,192688.00,1852824.00,PDSG,471A2C6300,460.00,522.00,1,,,,,,,N,N,L,2,V,Y,V,P,
2016.00,2,192692.00,1852839.00,PDSG,6C00110228,245.00,425.00,1,,,,,,,N,N,L,2,,N,V,V,
2016.00,2,192813.00,1853577.00,PDSG,6C00110235,245.00,425.00,1,,,,,,,N,N,N,,H,P,,N,nl2 removed
2016.00,2,192814.00,1853579.00,PDSG,6C00096656,190.00,402.00,1,,,,,,,N,N,L,3,,N,,N,
2016.00,2,192816.00,1853590.00,PDSG,6C00110159,240.00,418.00,1,,,,,,,N,N,N,,V,P,V,G,nl2 removed
2016.00,2,192823.00,1853652.00,PDSG,6C00097154,185.00,410.00,1,,,,,,,N,N,L,3,,N,,N,
2016.00,2,190134.00,1828225.00,PDSG,6C00096746,245.00,442.00,1,,,,,,,N,N,L,3,,N,,N,
2016.00,2,190141.00,1828282.00,PDSG,46263C430C,220.00,433.00,1,,,,,,,N,N,R,5,,N,,N,
2016.00,2,190141.00,1828285.00,PDSG,6C00110220,240.00,426.00,1,,,,,,,N,N,N,,V,U,H,P,NL2 REMOVED
2016.00,2,190141.00,1828293.00,PDSG,6C00110222,205.00,392.00,1,,,,,,,N,N,N,,H,O,V,G,NL2 REMOVED
2016.00,2,187605.00,1804968.00,PDSG,4A5B02242B,248.00,438.00,1,,,,,,,N,N,L,2,H,P,V,U,
2016.00,2,187629.00,1804980.00,PDSG,4900611F0D,260.00,435.00,1,,,,,,,N,N,R,5,,N,,N,
2016.00,2,187629.00,1804981.00,PDSG,6C00110132,155.00,376.00,1,,,,,,,N,N,N,,H,O,V,P,nl2 removed
2016.00,2,187630.00,1804995.00,PDSG,6C00110146,250.00,440.00,1,,,,,,,N,N,N,,V,Y,V,P,nl2 removed
2016.00,2,187630.00,1804996.00,PDSG,487E2D3874,305.00,445.00,1,,,,,,,N,N,L,2,,N,,N,
2016.00,2,190158.00,1828341.00,PDSG,435D794C10,150.00,385.00,1,,,,,,,N,N,R,5,,N,,N,
2016.00,2,190184.00,1828530.00,PDSG,6C00034137,325.00,443.00,1,,,,,,,N,N,L,2,,N,,N,
2016.00,2,190183.00,1828524.00,PDSG,4348225D7A,135.00,341.00,1,,,,,,,N,N,R,5,,N,,N,
2016.00,2,190183.00,1828521.00,PDSG,6C00110152,410.00,494.00,1,,,,,,,N,N,N,,,N,V,G,nl2 removed
2016.00,2,190183.00,1828522.00,PDSG,6c00110219,265.00,422.00,1,,,,,,,N,N,N,,H,K,V,G,nl2 removed
2016.00,2,190183.00,1828523.00,PDSG,46251C7F29,350.00,490.00,1,,,,,,,N,N,R,3,,N,,N,
2016.00,2,190183.00,1828525.00,PDSG,6C00110169,260.00,404.00,1,,,,,,,N,N,N,,H,O,V,V,nl2 removed
2016.00,2,190184.00,1828531.00,PDSG,4900453E36,225.00,417.00,1,,,,,,,N,N,R,5,,N,,N,
2016.00,2,191611.00,1845281.00,PDSG,6C00110234,165.00,391.00,1,,,,,,,N,N,N,,,N,V,P,
2016.00,2,191612.00,1845288.00,PDSG,6C00110157,190.00,400.00,1,,,,,,,N,N,N,,,N,V,P,
2016.00,2,190189.00,1828566.00,PDSG,486852754D,365.00,469.00,1,,,,,,,N,N,L,2,,N,,N,
2016.00,2,190189.00,1828567.00,PDSG,6C00110229,300.00,450.00,1,,,,,,,N,N,N,,H,Y,V,U,nl2 removed
2016.00,2,190190.00,1828573.00,PDSG,48687E7A4A,260.00,421.00,1,,,,,,,N,N,L,2,H,Y,,N,
2016.00,2,190191.00,1828582.00,PDSG,6C00110236,325.00,460.00,1,,,,,,,N,N,N,,V,O,V,V,NL2 REMOVED
2016.00,2,190191.00,1828583.00,PDSG,6C00110238,270.00,435.00,1,,,,,,,N,N,N,,V,O,V,V,NL2 REMOVED
2016.00,2,190192.00,1828597.00,PDSG,6C00110150,335.00,458.00,1,,,,,,,N,N,N,,V,V,,N,NL2 REMOVED
2016.00,2,190192.00,1828598.00,PDSG,461D744D1E,190.00,390.00,1,,,,,,,N,N,L,5,,N,,N,
2016.00,2,190197.00,1828614.00,PDSG,487E5A1B05,290.00,463.00,1,,,,,,,N,N,R,5,,N,,N,
2016.00,2,190206.00,1828658.00,PDSG,4A4571793D,275.00,443.00,1,,,,,,,N,N,L,5,,N,,N,
2017.00,2,196690.00,1878632.00,PDSG,0A1408361B,175.00,421.00,1,,,,,,,N,N,R,3,,N,,N,
2017.00,2,196685.00,1878669.00,PDSG,6C00110218,165.00,385.00,1,,,,,,,N,N,L,3,,N,,N,nl2 removed
2017.00,2,196685.00,1878670.00,PDSG,6C00110237,190.00,417.00,1,,,,,,,N,N,N,,X,Y,X,G,nl2 removed
2017.00,2,196699.00,1878773.00,PDSG,49001A7967,300.00,461.00,1,,,,,,,N,N,L,5,,N,,N,
2016.00,2,187592.00,1804797.00,PDSG,6C00110470,375.00,460.00,1,,,,,,,N,N,N,,H,P,V,O,NL2 REMOVED
2017.00,2,196655.00,1878487.00,PDSG,435E727840,3185.00,930.00,1,,,,,,,U,N,N,,,N,X,X,
2017.00,2,196663.00,1878522.00,PDSG,6C00110166,230.00,430.00,1,,,,,,,N,N,N,,H,O,V,G,nl2
2017.00,2,196663.00,1878523.00,PDSG,470574133D,260.00,444.00,1,,,,,,,N,N,L,2,V,P,V,V,
2017.00,2,196664.00,1878526.00,PDSG,6C00110166,265.00,452.00,1,,,,,,,N,N,N,,X,O,V,V,nl2
2017.00,2,196664.00,1878527.00,PDSG,487F644070,265.00,433.00,1,,,,,,,N,N,R,5,,N,,N,
2017.00,2,196664.00,1878528.00,PDSG,4A48762408,410.00,510.00,1,,,,,,,N,N,R,4,,N,,N,
2017.00,2,196671.00,1878572.00,PDSG,6C00110232,355.00,481.00,1,,,,,,,N,N,N,,H,Y,V,U,NL2
2016.00,3,187481.00,1804457.00,PDSG,487F6C2F16,160.00,371.00,1,,,,,,,N,N,L,7,,N,,N,
2016.00,3,187489.00,1804488.00,PDSG,4900277618,195.00,434.00,1,,,,,,,N,N,R,7,,N,,N,
2016.00,3,187489.00,1804489.00,PDSG,4A5B2A6705,140.00,352.00,1,,,,,,,N,N,L,7,,N,,N,
2016.00,3,187488.00,1804492.00,PDSG,4A4A15613A,190.00,402.00,1,,,,,,,N,N,R,6,,N,,N,
2016.00,3,187497.00,1804503.00,PDSG,6C00110432,205.00,402.00,1,,,,,,,N,N,N,,V,O,V,G,l2removed
2016.00,3,187498.00,1804508.00,PDSG,6C00034320,180.00,393.00,1,,,,,,,N,N,L,2,H,O,V,P,
2016.00,3,187500.00,1804515.00,PDSG,6C00110214,155.00,372.00,1,,,,,,,N,N,N,,H,O,V,P,l2removed
2016.00,3,187580.00,1804716.00,PDSG,4866713C14,170.00,388.00,1,,,,,,,N,N,L,2,H,O,V,V,
2016.00,3,186071.00,1798704.00,PDSG,6C00097143,120.00,320.00,1,,,,,,,N,N,L,3,,N,,N,
2016.00,3,186556.00,1800820.00,PDSG,6C00110418,1350.00,726.00,1,,,,,,,N,N,N,,V,O,,N,nl2 removed
2016.00,3,186078.00,1798343.00,PDSG,6C00110200,210.00,425.00,1,,,,,,,N,N,N,,H,K,V,O,nl2 removed
2016.00,3,186080.00,1798354.00,PDSG,6C00110208,160.00,384.00,1,,,,,,,N,N,N,,H,P,V,P,NL2 REMOVED
2016.00,3,192702.00,1852596.00,PDSG,6C00110467,220.00,448.00,1,,,,,,,N,N,N,,H,O,V,R,l2removed
2016.00,3,191633.00,1845336.00,PDSG,4A4A212017,290.00,465.00,1,,,,,,,N,N,L,5,,N,,N,
2016.00,3,191637.00,1845342.00,PDSG,435E071C22,1770.00,790.00,1,,,,,,,N,N,N,,V,Y,V,R,
2016.00,3,191638.00,1845349.00,PDSG,6C00110434,355.00,480.00,1,,,,,,,N,N,L,2,H,O,V,Y,
2016.00,3,191638.00,1845350.00,PDSG,6C00110477,435.00,500.00,1,,,,,,,N,N,N,,,N,V,Y,nl2removed
2016.00,3,191661.00,1845384.00,PDSG,44213F4C72,1485.00,744.00,1,,,,,,,N,N,N,,,N,,N,
2016.00,3,192679.00,1852710.00,PDSG,487F1C3D46,185.00,406.00,1,,,,,,,N,N,R,7,,N,,N,
2016.00,3,192726.00,1852797.00,PDSG,6C00110405,200.00,393.00,1,,,,,,,N,N,N,,H,P,V,V,l2removed
2016.00,3,192696.00,1852864.00,PDSG,6C00110463,230.00,418.00,1,,,,,,,N,N,N,,H,P,V,V,l2removed
2016.00,3,192803.00,1853541.00,PDSG,6C00110126,175.00,392.00,1,,,,,,,N,N,R,5,,N,,N,nl2 removed
2016.00,3,190975.00,1840708.00,PDSG,487F50024A,200.00,400.00,1,,,,,,,N,N,R,4,,N,,N,
2016.00,3,192783.00,1853693.00,PDSG,6C00097027,185.00,413.00,1,,,,,,,N,N,L,3,,N,,N,
2016.00,3,192711.00,1852514.00,PDSG,6C00097249,175.00,401.00,1,,,,,,,N,N,L,3,,N,,N,
2016.00,4,185754.00,1796632.00,PDSG,6C00117817,361.00,482.00,1,,,,,,,N,N,L,2,H,R,V,U,
2016.00,4,186333.00,1799576.00,PDSG,4A49070E13,15050.00,1388.00,1,,,,,,,N,N,N,,,N,,N,
2016.00,4,186336.00,1799594.00,PDSG,4703756974,1780.00,774.00,1,,,,,,,N,N,L,2,V,Y,V,R,
2016.00,4,185761.00,1796677.00,PDSG,6C00117843,957.00,634.00,1,,,,,,,N,N,N,,,N,,N,
2016.00,4,185764.00,1796691.00,PDSG,462364483F,681.00,562.00,1,,,,,,,N,N,N,,,N,V,Y,
2016.00,4,186339.00,1799614.00,PDSG,6C00097674,506.00,531.00,1,,,,,,,N,N,N,,H,R,V,Y,
2016.00,4,185768.00,1796710.00,PDSG,6C00117770,2114.00,812.00,1,,,,,,,Y,N,N,,V,Y,V,R,code 24 implanted
2016.00,4,185777.00,1796766.00,PDSG,435F4B2938,2118.00,824.00,1,,,,,,,N,N,N,,,N,,N,
2016.00,4,185603.00,1795808.00,PDSG,4A46717168,25500.00,1625.00,1,,,,,,,N,N,N,,,N,,N,
2016.00,4,185604.00,1795809.00,PDSG,1F47606357,13500.00,1440.00,1,,,,,,,N,N,N,,,N,,N,
2016.00,4,185780.00,1796808.00,PDSG,6C00117841,542.00,539.00,1,,,,,,,N,N,N,,H,O,V,Y,
2016.00,4,185785.00,1796846.00,PDSG,6C00117864,287.00,453.00,1,,,,,,,N,N,L,2,,N,V,V,
2016.00,4,185785.00,1796847.00,PDSG,435D2D1B1B,2434.00,828.00,1,,,,,,,N,N,N,,V,Y,V,R,code 18 implanted
2016.00,4,186599.00,1800960.00,PDSG,4623642966,808.00,623.00,1,,,,,,,N,N,N,,,N,V,Y,
2016.00,4,186603.00,1800983.00,PDSG,6C00097638,740.00,601.00,1,,,,,,,N,N,N,,V,Y,V,V,
2016.00,4,185921.00,1798045.00,PDSG,6C00117801,304.00,457.00,1,,,,,,,N,N,N,,H,K,V,O,
2016.00,4,185928.00,1798097.00,PDSG,6C00117752,546.00,533.00,1,,,,,,,N,N,N,,H,O,V,U,
2016.00,4,185928.00,1798098.00,PDSG,6C00117810,358.00,472.00,1,,,,,,,N,N,N,,,N,,N,
2016.00,4,185928.00,1798099.00,PDSG,435F193667,572.00,521.00,1,,,,,,,N,N,N,,,N,H,Y,
2016.00,4,185929.00,1798106.00,PDSG,6C00117874,627.00,542.00,1,,,,,,,N,N,N,,H,O,V,Y,
2016.00,4,185617.00,1795848.00,PDSG,6C00117759,2157.00,821.00,1,,,,,,,N,N,N,,V,Y,V,R,
2016.00,4,185620.00,1795851.00,PDSG,4441774C6E,14500.00,1410.00,1,,,,,,,N,N,N,,,N,,N,
2016.00,4,185642.00,1795873.00,PDSG,7F7D37642C,17500.00,1436.00,1,,,,,,,N,N,N,,,N,,N,RADIO CODE 13 IMPLANTED
2016.00,4,185948.00,1798183.00,PDSG,472149527C,482.00,514.00,1,,,,,,,N,N,R,3,,N,,N,
2016.00,4,184916.00,1790473.00,PDSG,4704681657,266.00,429.00,1,,,,,,,N,N,L,2,H,B,V,V,
2016.00,4,184891.00,1790522.00,PDSG,6C00097675,771.00,613.00,1,,,,,,,N,U,L,2,,N,,N,
2016.00,4,184898.00,1790585.00,PDSG,6C00097653,2643.00,896.00,1,,,,,,,N,N,N,,V,R,V,G,IMPLANTED RADIO CODE 25
2016.00,4,184903.00,1790604.00,PDSG,454B30016B,16200.00,1415.00,1,,,,,,,N,N,N,,,N,,N,
2016.00,4,185906.00,1797927.00,PDSG,424F192366,3596.00,968.00,1,,,,,,,N,N,N,,,N,,N,code 144 implanted
2016.00,4,185913.00,1797982.00,PDSG,4311671137,135.00,512.00,0,,,,,,,N,N,L,2,,N,,N,
2016.00,4,188747.00,1814415.00,PDSG,470B0E0A2D,190.00,392.00,1,,,,,,,N,N,L,2,H,O,V,V,
2016.00,4,188750.00,1814426.00,SNSG,,,57.00,,,,,,,,,,,,,,,,
2016.00,4,192606.00,1852385.00,PDSG,43695A6C7E,391.00,492.00,1,,,,,,,N,N,R,5,,N,,N,
2016.00,4,192607.00,1852387.00,PDSG,6C00117921,398.00,502.00,1,,,,,,,N,N,N,,V,Y,V,V,
2016.00,4,192611.00,1852393.00,PDSG,487E0B0324,334.00,472.00,1,,,,,,,N,N,L,5,,N,,N,
2016.00,4,192611.00,1852394.00,PDSG,6C00117913,398.00,489.00,1,,,,,,,N,N,N,,H,O,V,G,
2016.00,4,192611.00,1852395.00,PDSG,6C00117955,163.00,392.00,1,,,,,,,N,N,N,,V,K,V,P,
2016.00,4,192600.00,1852401.00,PDSG,6C00117945,312.00,454.00,1,,,,,,,N,N,L,5,,N,,N,
2016.00,4,192600.00,1852402.00,PDSG,4A483B4F0D,390.00,487.00,1,,,,,,,N,N,L,4,,N,,N,
2016.00,4,192602.00,1852405.00,PDSG,471C35440A,236.00,418.00,1,,,,,,,N,N,L,5,,N,,N,
2016.00,4,192603.00,1852406.00,PDSG,6C00117965,434.00,502.00,1,,,,,,,N,N,L,4,,N,,N,
2016.00,4,192605.00,1852408.00,PDSG,6C00117917,316.00,458.00,1,,,,,,,N,N,N,,V,P,,N,
2016.00,4,192591.00,1852412.00,PDSG,6C00117971,615.00,556.00,1,,,,,,,N,N,N,,H,P,V,O,
2016.00,4,192593.00,1852415.00,PDSG,4A47375C7A,620.00,574.00,1,,,,,,,N,N,L,5,,N,,N,
2016.00,4,192580.00,1852421.00,PDSG,4A4A076B43,396.00,448.00,1,,,,,,,N,N,L,5,,N,,N,
2016.00,4,192616.00,1852424.00,PDSG,6C00117957,536.00,549.00,1,,,,,,,N,N,R,3,,N,,N,
2016.00,4,192616.00,1852425.00,PDSG,6C00117930,2588.00,844.00,1,,,,,,,N,N,N,,,N,,N,
2016.00,4,192620.00,1852430.00,PDSG,6C00117861,2002.00,828.00,1,,,,,,,N,N,N,,,N,,N,
2016.00,4,192620.00,1852431.00,PDSG,442226671C,2330.00,854.00,1,,,,,,,N,N,N,,V,Y,V,R,
2016.00,4,192589.00,1852435.00,PDSG,6C00117974,1952.00,796.00,1,,,,,,,N,N,N,,V,R,V,G,
2016.00,4,192575.00,1852438.00,PDSG,4624094C53,806.00,606.00,1,,,,,,,N,N,N,,,N,V,Y,
2016.00,4,192576.00,1852440.00,PDSG,6C00117943,380.00,465.00,1,,,,,,,N,N,N,,,N,,N,
2016.00,4,192577.00,1852442.00,PDSG,6C00117937,3042.00,914.00,1,,,,,,,N,N,L,2,V,Y,V,R,
2016.00,4,192578.00,1852445.00,PDSG,6C00117924,2216.00,833.00,1,,,,,,,N,N,N,,V,Y,V,R,
2016.00,4,192582.00,1852450.00,PDSG,48687C4216,363.00,471.00,1,,,,,,,N,N,L,2,H,P,,N,
2016.00,4,192583.00,1852453.00,PDSG,6C00117962,244.00,422.00,1,,,,,,,N,N,L,2,H,Y,V,P,
2016.00,4,192584.00,1852454.00,PDSG,6C00117939,263.00,439.00,1,,,,,,,N,N,N,,H,K,V,V,
2016.00,4,192586.00,1852457.00,PDSG,4109605952,2655.00,872.00,1,,,,,,,N,N,N,,,N,,N,
2016.00,4,192588.00,1852462.00,PDSG,6C00117977,751.00,609.00,1,,,,,,,N,N,R,3,,N,,N,
2016.00,4,192588.00,1852463.00,PDSG,47041C5B47,366.00,486.00,1,,,,,,,N,N,L,2,H,O,V,V,
2016.00,4,192054.00,1848638.00,PDSG,44437E3315,2498.00,868.00,1,,,,,,,N,N,N,,V,Y,V,R,RADIO IMPLANTED
2016.00,4,192072.00,1848665.00,PDSG,487E0B4573,282.00,424.00,1,,,,,,,N,N,L,4,,N,,N,
2016.00,4,192021.00,1848671.00,PDSG,48762B1173,366.00,458.00,1,,,,,,,N,N,N,,H,U,V,O,
2016.00,4,192024.00,1848677.00,PDSG,4703756974,1943.00,802.00,1,,,,,,,N,N,L,2,V,Y,V,R,radio implanted code 77
2016.00,4,192074.00,1848689.00,PDSG,6C00117911,198.00,416.00,1,,,,,,,N,N,N,,H,O,V,O,
2016.00,4,192074.00,1848690.00,PDSG,6C00117919,437.00,499.00,1,,,,,,,N,N,N,,V,R,V,G,
2016.00,4,192075.00,1848693.00,PDSG,4A47682B56,306.00,459.00,1,,,,,,,N,N,L,4,,N,,N,
2016.00,4,192075.00,1848694.00,PDSG,6C00117978,236.00,423.00,1,,,,,,,N,N,N,,X,Y,V,P,
2016.00,4,192016.00,1848708.00,PDSG,6C00117900,268.00,432.00,1,,,,,,,Y,Y,N,,H,Y,V,V,
2016.00,4,192017.00,1848710.00,PDSG,6C00117964,353.00,482.00,1,,,,,,,N,N,N,,,N,,N,
2016.00,4,192020.00,1848725.00,PDSG,6C00117970,368.00,497.00,1,,,,,,,N,N,R,3,,N,,N,
2016.00,4,192020.00,1848726.00,PDSG,6C00117941,322.00,448.00,1,,,,,,,N,N,N,,H,P,V,V,
2016.00,4,192043.00,1848796.00,PDSG,6C00117926,269.00,436.00,1,,,,,,,N,N,N,,V,B,V,V,
2016.00,4,188775.00,1814286.00,PDSG,471B11087B,210.00,404.00,1,,,,,,,N,N,L,2,H,Y,V,V,
2016.00,4,192387.00,1851031.00,PDSG,6C00117876,302.00,652.00,0,,,,,,,N,N,N,,H,K,V,V,
2016.00,4,192354.00,1851052.00,PDSG,424F0C7121,5082.00,1085.00,1,,,,,,,N,N,N,,,N,,N,CODE 79 IMPLANTED 149.620
2016.00,4,192354.00,1851053.00,PDSG,486A691F6D,366.00,492.00,1,,,,,,,N,N,L,2,H,U,V,V,
2016.00,4,192354.00,1851054.00,PDSG,6C00117862,340.00,492.00,1,,,,,,,N,N,N,,H,Y,V,P,
2016.00,4,190235.00,1828780.00,PDSG,6C00097736,261.00,426.00,1,,,,,,,N,N,L,2,X,B,V,G,
2016.00,4,192371.00,1851102.00,PDSG,6C00117912,2812.00,888.00,1,,,,,,,N,N,N,,,N,V,X,
2016.00,4,192376.00,1851121.00,PDSG,6C00111652,206.00,418.00,1,,,,,,,N,N,L,3,,N,,N,
2016.00,4,190237.00,1828803.00,SNSG,,,42.00,,,,,,,,,,,,,,,,
2016.00,4,192924.00,1854037.00,PDSG,6C00117949,195.00,406.00,1,,,,,,,N,N,L,2,V,Y,V,G,
2016.00,4,192924.00,1854038.00,PDSG,6C00110446,225.00,429.00,1,,,,,,,N,N,N,,H,K,V,P,L2REMOVED
2016.00,4,192925.00,1854043.00,PDSG,6C00110474,650.00,575.00,1,,,,,,,N,N,R,3,,N,,N,L2REMOVED
2016.00,4,192927.00,1854048.00,PDSG,6C00110431,265.00,423.00,1,,,,,,,N,N,N,,H,P,V,G,L2REMOVED
2016.00,4,192927.00,1854049.00,PDSG,4728171A1C,220.00,415.00,1,,,,,,,N,N,L,4,,N,,N,
2016.00,4,192933.00,1854055.00,PDSG,6C00110443,270.00,450.00,1,,,,,,,N,N,N,,H,P,V,V,l2removed
2016.00,4,192933.00,1854056.00,PDSG,4864532D4E,775.00,613.00,1,,,,,,,N,N,L,2,H,O,V,Y,
2016.00,4,192933.00,1854057.00,PDSG,6C00110368,210.00,418.00,1,,,,,,,N,N,N,,H,Y,V,P,l2removed
2016.00,4,192934.00,1854059.00,PDSG,470568485C,390.00,503.00,1,,,,,,,N,N,L,5,,N,,N,
2016.00,4,192934.00,1854060.00,PDSG,4422720B3B,440.00,530.00,1,,,,,,,N,N,L,2,V,O,V,V,
2016.00,4,192934.00,1854061.00,PDSG,4A4A060C20,245.00,451.00,1,,,,,,,N,N,R,5,,N,,N,
2016.00,4,190216.00,1828842.00,PDSG,4443001942,2834.00,909.00,1,,,,,,,N,N,N,,V,Y,V,R,
2016.00,4,192935.00,1854065.00,PDSG,6C00110429,345.00,470.00,1,,,,,,,N,N,N,,H,Y,V,G,l2removed
2016.00,4,192936.00,1854067.00,PDSG,6C00110401,625.00,545.00,1,,,,,,,N,N,N,,,N,,N,l2removed
2016.00,4,192937.00,1854069.00,PDSG,6C00110378,255.00,445.00,1,,,,,,,N,N,N,,X,O,X,V,l2removed
2016.00,4,192940.00,1854077.00,PDSG,435F30276E,240.00,429.00,1,,,,,,,N,N,R,5,,N,,N,
2016.00,4,192941.00,1854081.00,PDSG,6C00110455,375.00,488.00,1,,,,,,,N,N,N,,H,Y,V,V,l2removed
2016.00,4,192941.00,1854082.00,PDSG,6C00110453,195.00,397.00,1,,,,,,,N,N,N,,H,O,V,G,l2removed
2016.00,4,192943.00,1854086.00,PDSG,6C00110457,280.00,443.00,1,,,,,,,N,N,N,,V,Y,V,G,l2removed
2016.00,4,192943.00,1854087.00,PDSG,6C00110138,305.00,456.00,1,,,,,,,N,N,L,2,H,B,V,V,
2016.00,4,192944.00,1854109.00,PDSG,471910451E,330.00,463.00,1,,,,,,,N,N,L,4,,N,,N,
2016.00,4,192944.00,1854110.00,PDSG,6C00110364,210.00,406.00,1,,,,,,,N,N,N,,V,Y,V,G,l2removed
2016.00,4,190254.00,1828897.00,SNSG,,,47.00,,,,,,,,,,,,,,,,
2016.00,4,190254.00,1828898.00,SNSG,,,47.00,,,,,,,,,,,,,,,,
2016.00,4,190254.00,1828916.00,SNSG,,,29.00,,,,,,,,,,,,,,,,
2016.00,4,192947.00,1854120.00,PDSG,47042D3845,310.00,464.00,1,,,,,,,N,N,N,,X,P,X,V,
2016.00,4,192947.00,1854121.00,PDSG,6C00110423,305.00,458.00,1,,,,,,,N,N,N,,X,O,V,U,l2removed
2016.00,4,192947.00,1854122.00,PDSG,4626284542,305.00,451.00,1,,,,,,,N,N,L,5,,N,,N,
2016.00,4,192947.00,1854123.00,PDSG,48770F0346,250.00,401.00,1,,,,,,,N,N,L,2,V,O,V,O,
2016.00,4,192949.00,1854126.00,PDSG,6C00110466,235.00,425.00,1,,,,,,,N,N,N,,H,U,V,U,l2removed
2016.00,4,192952.00,1854132.00,PDSG,44257D0700,2990.00,918.00,1,,,,,,,N,N,N,,V,Y,V,R,
2016.00,4,192953.00,1854135.00,PDSG,6C00110362,365.00,478.00,1,,,,,,,N,N,L,4,,N,,N,l2removed
2016.00,4,192953.00,1854136.00,PDSG,4A491E0812,250.00,426.00,1,,,,,,,N,N,L,2,H,O,V,G,
2016.00,4,192944.00,1854111.00,PDSG,4A47535D23,155.00,380.00,1,,,,,,,N,N,L,7,,N,,N,
2016.00,4,190254.00,1828965.00,SNSG,,,35.00,,,,,,,,,,,,,,,,
2016.00,4,190225.00,1828986.00,SNSG,,,33.00,,,,,,,,,,,,,,,,
2016.00,4,190227.00,1829000.00,SNSG,,,36.00,,,,,,,,,,,,,,,,
2016.00,4,190229.00,1829086.00,SNSG,,,50.00,,,,,,,,,,,,,,,,
2016.00,4,190230.00,1829109.00,PDSG,6C00097621,354.00,472.00,1,,,,,,,N,N,N,,V,O,V,G,
2016.00,4,190231.00,1829125.00,SNSG,,,48.00,,,,,,,,,,,,,,,,
2016.00,4,190231.00,1829126.00,SNSG,,,43.00,,,,,,,,,,,,,,,,
2016.00,4,190232.00,1829127.00,SNSG,,,43.00,,,,,,,,,,,,,,,,
2016.00,4,190208.00,1829212.00,SNSG,,,36.00,,,,,,,,,,,,,,,,
2016.00,4,190210.00,1829229.00,SNSG,,,36.00,,,,,,,,,,,,,,,,
2016.00,4,190211.00,1829239.00,SNSG,,,27.00,,,,,,,,,,,,,,,,
2016.00,4,190211.00,1829240.00,SNSG,,,38.00,,,,,,,,,,,,,,,,
2016.00,4,190892.00,1840384.00,PDSG,6C00117933,2182.00,846.00,1,,,,,,,N,N,N,,V,Y,V,R,
2016.00,4,192339.00,1850823.00,PDSG,6C00117902,390.00,482.00,1,,,,,,,N,N,L,5,,N,,N,
2016.00,4,192341.00,1850913.00,PDSG,486A63352C,362.00,476.00,1,,,,,,,N,N,L,2,H,Y,V,Y,
2016.00,4,192343.00,1850920.00,PDSG,6C00117963,226.00,416.00,1,,,,,,,N,N,N,,,N,V,V,
2016.00,4,190926.00,1840454.00,PDSG,44430E0D1A,1239.00,706.00,1,,,,,,,N,N,N,,V,Y,,N,
2016.00,4,190930.00,1840458.00,PDSG,6C00117879,2106.00,842.00,1,,,,,,,N,N,N,,,N,V,G,
2016.00,4,190864.00,1840478.00,PDSG,6C00117959,535.00,549.00,1,,,,,,,N,N,N,,H,K,V,V,
2016.00,4,192351.00,1850955.00,PDSG,4A491E0812,264.00,424.00,1,,,,,,,N,N,L,2,H,O,V,G,
2016.00,4,192351.00,1850956.00,PDSG,4A4A18521F,190.00,442.00,1,,,,,,,N,N,N,,,N,,N,had raio tag implanted
2016.00,4,192384.00,1851010.00,PDSG,6C00117875,239.00,448.00,1,,,,,,,N,N,R,7,,N,,N,
2016.00,4,193088.00,1854560.00,PDSG,47187C2137,381.00,496.00,1,,,,,,,N,N,R,3,,N,,N,
2016.00,4,193088.00,1854561.00,PDSG,4423694879,2116.00,914.00,1,,,,,,,N,N,N,,V,Y,V,R,
2016.00,4,192886.00,1853913.00,PDSG,6C00117919,146.00,382.00,1,,,,,,,N,N,L,3,,N,,N,
2016.00,4,193100.00,1854599.00,PDSG,6C00097660,418.00,501.00,1,,,,,,,N,N,N,,H,P,V,V,
2016.00,4,192887.00,1853930.00,PDSG,4A5B24735D,118.00,357.00,1,,,,,,,N,N,L,7,,N,,N,
2016.00,4,192887.00,1853931.00,PDSG,4900250930,410.00,498.00,1,,,,,,,N,N,L,4,,N,,N,
2016.00,4,192890.00,1853949.00,PDSG,6C00117872,280.00,444.00,1,,,,,,,N,N,N,,H,P,V,V,
2016.00,4,192892.00,1853961.00,PDSG,6C00117938,198.00,404.00,1,,,,,,,N,N,N,,H,Y,V,V,
2016.00,4,192893.00,1853962.00,PDSG,6C00097776,240.00,436.00,1,,,,,,,N,N,L,3,,N,,N,
2016.00,4,193112.00,1854629.00,PDSG,6C00117802,330.00,452.00,1,,,,,,,N,N,L,5,,N,,N,
2016.00,4,193110.00,1854631.00,PDSG,6C00117845,238.00,417.00,1,,,,,,,N,N,N,,,N,,N,
2016.00,4,193110.00,1854632.00,PDSG,470754392C,242.00,421.00,1,,,,,,,N,N,L,2,V,Y,V,G,
2016.00,4,193118.00,1854636.00,PDSG,472E254670,410.00,498.00,1,,,,,,,N,N,R,3,,N,,N,
2016.00,4,193118.00,1854637.00,PDSG,6C00097669,264.00,429.00,1,,,,,,,N,N,L,2,,N,,N,
2016.00,4,193120.00,1854641.00,PDSG,471A543B0C,204.00,399.00,1,,,,,,,N,N,L,2,H,Y,V,G,
2016.00,4,193120.00,1854642.00,PDSG,6C00117819,1955.00,785.00,1,,,,,,,N,N,N,,V,Y,V,R,
2016.00,4,193122.00,1854646.00,PDSG,6C00117835,307.00,449.00,1,,,,,,,N,N,L,2,V,Y,V,G,
2016.00,4,193123.00,1854647.00,PDSG,4A4730451E,263.00,421.00,1,,,,,,,N,N,N,,V,P,V,V,
2016.00,4,193126.00,1854650.00,PDSG,6C00111166,137.00,356.00,1,,,,,,,N,N,L,3,,N,,N,
2016.00,4,193132.00,1854655.00,PDSG,6C00117747,438.00,483.00,1,,,,,,,N,N,N,,,N,,N,
2016.00,4,193131.00,1854657.00,PDSG,486C281078,357.00,481.00,1,,,,,,,N,N,L,2,V,O,,N,
2016.00,4,193131.00,1854658.00,PDSG,6C00117859,231.00,422.00,1,,,,,,,N,N,N,,H,O,V,P,
2016.00,4,193128.00,1854661.00,PDSG,6C00117766,329.00,481.00,1,,,,,,,N,N,N,,V,R,V,Y,
2016.00,4,193128.00,1854662.00,PDSG,6C00117772,217.00,398.00,1,,,,,,,N,N,L,2,H,K,V,G,
2016.00,4,193128.00,1854663.00,PDSG,4625590F54,559.00,537.00,1,,,,,,,N,N,L,3,,N,,N,
2016.00,4,193128.00,1854664.00,PDSG,6C00097638,829.00,623.00,1,,,,,,,N,N,L,2,H,Y,V,V,
2016.00,4,192900.00,1853974.00,PDSG,6C00117954,580.00,542.00,1,,,,,,,N,N,N,,H,O,V,Y,
2016.00,4,192909.00,1853987.00,PDSG,4624047F76,2650.00,876.00,1,,,,,,,N,N,N,,,N,,N,
2016.00,4,192910.00,1853990.00,PDSG,4423694879,3014.00,916.00,1,,,,,,,N,N,N,,V,Y,V,R,
2016.00,4,192910.00,1853991.00,PDSG,6C00117905,468.00,469.00,1,,,,,,,N,N,N,,,N,,N,
2016.00,4,192910.00,1853992.00,PDSG,6C00117976,140.00,367.00,1,,,,,,,N,N,L,3,,N,,N,
2016.00,4,192910.00,1853993.00,PDSG,6C00117944,318.00,452.00,1,,,,,,,N,N,N,,H,K,V,V,
2016.00,4,192913.00,1854005.00,PDSG,6C00117952,254.00,434.00,1,,,,,,,N,N,L,2,H,R,V,V,
2016.00,4,192913.00,1854006.00,PDSG,4704594857,3119.00,922.00,1,,,,,,,N,N,L,2,V,Y,V,R,
2016.00,4,192913.00,1854007.00,PDSG,48771C235A,2578.00,874.00,1,,,,,,,N,N,N,,V,R,V,G,
2016.00,4,192916.00,1854019.00,PDSG,6C00117926,240.00,434.00,1,,,,,,,N,N,L,2,V,B,V,V,
2016.00,4,192916.00,1854020.00,PDSG,6C00117956,210.00,408.00,1,,,,,,,N,N,N,,H,O,V,G,
2016.00,4,193115.00,1854672.00,PDSG,4A472D0F36,144.00,356.00,1,,,,,,,N,N,L,7,,N,,N,
2016.00,4,192917.00,1854022.00,PDSG,6C00117969,230.00,424.00,1,,,,,,,N,N,L,2,,N,V,U,
2016.00,4,192917.00,1854023.00,PDSG,471B11732E,225.00,429.00,1,,,,,,,N,N,L,5,,N,,N,
2016.00,4,192923.00,1854029.00,PDSG,6C00117973,255.00,472.00,1,,,,,,,N,N,L,2,X,O,V,U,
2016.00,4,192871.00,1853814.00,PDSG,6C00117931,1925.00,791.00,1,,,,,,,N,N,L,2,,N,,N,
2016.00,4,192871.00,1853815.00,PDSG,4423694879,2955.00,913.00,1,,,,,,,N,N,N,,,N,,N,unknown radio code already implanted
2016.00,4,192872.00,1853820.00,PDSG,6C00110173,330.00,469.00,1,,,,,,,N,N,N,,H,Y,,N,nl2 removed
2016.00,4,192875.00,1853835.00,PDSG,6C00110210,230.00,407.00,1,,,,,,,N,N,N,,,N,,N,nl2 removed
2016.00,4,192858.00,1853860.00,PDSG,6C00117873,250.00,421.00,1,,,,,,,N,N,L,2,H,Y,V,V,
2016.00,4,192877.00,1853885.00,PDSG,6C00110163,350.00,464.00,1,,,,,,,N,N,N,,X,K,,N,nl 2 removed
2016.00,4,192878.00,1853888.00,PDSG,6C00110171,220.00,425.00,1,,,,,,,N,N,N,,H,O,V,G,nl2 removed
2016.00,4,192881.00,1853894.00,PDSG,4A466E6D0E,175.00,381.00,1,,,,,,,N,N,L,7,,N,,N,
2016.00,4,192882.00,1853897.00,PDSG,442559752B,2310.00,845.00,1,,,,,,,N,N,N,,V,Y,V,R,
2016.00,4,192358.00,1851075.00,PDSG,116165646A,12500.00,1312.00,1,,,,,,,N,N,N,,,N,,N,
2016.00,4,192856.00,1853857.00,PDSG,6C00111505,145.00,399.00,1,,,,,,,N,N,L,3,,N,,N,
2016.00,4,192934.00,1854058.00,PDSG,4A4A012C5C,330.00,472.00,1,,,,,,,N,N,L,5,,N,,N,
2016.00,4,193121.00,1854645.00,PDSG,4A487C681D,2447.00,867.00,1,,,,,,,N,N,N,,V,Y,V,R,
2017.00,4,195792.00,1875752.00,PDSG,435F533636,3188.00,958.00,1,,,,,,,N,N,N,,V,Y,V,R,
2017.00,4,195796.00,1875758.00,PDSG,490046744E,385.00,471.00,1,,,,,,,N,N,N,,H,Y,V,O,
2017.00,4,195785.00,1875732.00,PDSG,487F35763A,867.00,638.00,1,,,,,,,N,N,L,2,H,Y,V,U,
2017.00,4,195785.00,1875733.00,PDSG,4A4760433D,2152.00,827.00,1,,,,,,,N,N,N,,V,Y,V,G,
2016.00,5,186174.00,1799329.00,PDSG,4712736B69,1620.00,777.00,1,,,,,,,U,N,N,,,N,,N,
2016.00,5,186171.00,1799339.00,PDSG,470B094C05,580.00,582.00,1,,,,,,,U,N,R,4,V,Y,V,V,
2016.00,5,186168.00,1799346.00,PDSG,46276B246D,650.00,591.00,1,,,,,,,U,N,L,5,,N,,N,
2016.00,5,186167.00,1799347.00,PDSG,4624191D1B,1000.00,695.00,1,,,,,,,U,N,N,,H,Y,,N,
2016.00,5,186191.00,1799348.00,PDSG,461D51390F,560.00,558.00,1,,,,,,,U,N,L,5,,N,,N,
2016.00,5,186193.00,1799353.00,PDSG,6C00112719,600.00,589.00,1,,,,,,,U,N,N,,V,Y,V,V,
2016.00,5,186183.00,1799372.00,PDSG,47037F451B,520.00,558.00,1,,,,,,,U,N,N,,X,Y,X,V,
2016.00,5,186184.00,1799373.00,PDSG,460E6B3D6B,750.00,638.00,1,,,,,,,U,N,N,,H,Y,X,V,
2016.00,5,186250.00,1799466.00,PDSG,6C00112646,680.00,601.00,1,,,,,,,U,N,N,,V,Y,V,X,
2016.00,5,186253.00,1799468.00,PDSG,4722180A37,700.00,623.00,1,,,,,,,U,N,L,4,,N,,N,
2016.00,5,186243.00,1799487.00,PDSG,4704462516,920.00,662.00,1,,,,,,,U,N,L,5,,N,,N,
2016.00,5,186180.00,1799334.00,PDSG,4A5B0E3F5F,650.00,599.00,1,,,,,,,U,N,R,4,,N,,N,
2017.00,5,195962.00,1876426.00,PDSG,6C00112665,230.00,435.00,1,,,,,,,U,N,L,7,,N,,N,
2017.00,5,195963.00,1876429.00,PDSG,4A4733010E,565.00,571.00,1,,,,,,,U,N,R,4,,N,,N,
2017.00,5,195964.00,1876430.00,PDSG,6C00112712,230.00,441.00,1,,,,,,,U,N,R,5,V,Y,V,P,
2017.00,5,195966.00,1876435.00,PDSG,4704634757,530.00,553.00,1,,,,,,,U,N,L,5,X,Y,V,G,
2017.00,5,195986.00,1876472.00,PDSG,6C00112627,480.00,528.00,1,,,,,,,U,N,L,5,,N,,N,
2017.00,5,195986.00,1876473.00,PDSG,470A774401,540.00,568.00,1,,,,,,,U,N,L,5,,N,,N,
2017.00,5,195988.00,1876477.00,PDSG,6C00112653,720.00,630.00,1,,,,,,,U,N,N,,V,Y,V,V,
2017.00,5,196041.00,1876609.00,PDSG,6C00112644,1280.00,682.00,1,,,,,,,U,N,R,3,V,Y,,N,
2017.00,5,196857.00,1879121.00,PDSG,6C00107362,230.00,439.00,1,,,,,,,U,U,L,8,,N,,N,
2016.00,6,187010.00,1802555.00,PDSG,487F334A70,480.00,524.00,1,,,,,,,U,N,L,5,,N,,N,
2016.00,6,187077.00,1802621.00,PDSG,4719435F6C,770.00,606.00,1,,,,,,,U,N,L,4,,N,,N,
2016.00,6,186158.00,1799301.00,PDSG,47043F6D70,660.00,590.00,1,,,,,,,U,N,N,,H,Y,V,V,
2016.00,6,186158.00,1799303.00,PDSG,487E524709,560.00,582.00,1,,,,,,,U,N,L,5,,N,,N,
2016.00,6,186158.00,1799304.00,PDSG,435F2A4271,1220.00,713.00,1,,,,,,,U,N,N,,,N,,N,
2016.00,6,186158.00,1799305.00,PDSG,47023D5B6F,1360.00,716.00,1,,,,,,,U,N,R,3,V,Y,,N,
2016.00,6,186158.00,1799306.00,PDSG,4703760C44,480.00,535.00,1,,,,,,,U,N,N,,,N,,N,
2016.00,6,186158.00,1799307.00,PDSG,46275D322D,780.00,582.00,1,,,,,,,U,N,N,,,N,,N,
2016.00,6,186158.00,1799308.00,PDSG,47024B0666,450.00,535.00,1,,,,,,,U,N,R,5,V,Y,V,P,
2016.00,6,186158.00,1799309.00,PDSG,424D683658,2500.00,893.00,1,,,,,,,U,N,N,,,N,,N,
2016.00,6,186159.00,1799310.00,PDSG,6C00112641,600.00,555.00,1,,,,,,,U,N,R,4,V,Y,V,V,
2016.00,6,186159.00,1799311.00,PDSG,6C00112728,650.00,592.00,1,,,,,,,U,N,R,5,,N,,N,
2016.00,6,186159.00,1799312.00,PDSG,470A7F2321,920.00,654.00,1,,,,,,,U,N,N,,V,V,,N,
2016.00,6,186159.00,1799313.00,PDSG,6C00112652,650.00,580.00,1,,,,,,,U,N,N,,,N,,N,
2016.00,6,186159.00,1799314.00,PDSG,4442047322,1140.00,690.00,1,,,,,,,U,N,N,,H,Y,,N,
2016.00,6,186160.00,1799317.00,PDSG,470C494154,780.00,641.00,1,,,,,,,U,N,R,3,V,Y,,N,
2016.00,6,186162.00,1799321.00,PDSG,487F27085D,620.00,581.00,1,,,,,,,U,N,L,5,,N,,N,
2016.00,6,186163.00,1799322.00,PDSG,4704410815,670.00,592.00,1,,,,,,,U,N,N,,H,Y,V,V,
2016.00,6,186164.00,1799324.00,PDSG,49005B496F,670.00,614.00,1,,,,,,,U,N,L,5,,N,,N,
2016.00,6,186164.00,1799325.00,PDSG,4625407A46,700.00,630.00,1,,,,,,,U,N,N,,,N,,N,
2016.00,6,186164.00,1799326.00,PDSG,4703785A51,720.00,612.00,1,,,,,,,U,N,L,5,,N,,N,
2016.00,6,186265.00,1799502.00,PDSG,6C00112700,840.00,637.00,1,,,,,,,U,N,R,4,V,Y,,N,
2016.00,6,186265.00,1799503.00,PDSG,6C00112725,665.00,605.00,1,,,,,,,U,N,L,5,,N,,N,
2016.00,6,186280.00,1799206.00,PDSG,4704017E5E,730.00,583.00,1,,,,,,,U,N,L,5,,N,,N,
2016.00,6,186298.00,1799226.00,PDSG,406E4F712D,5600.00,1110.00,1,,,,,,,U,N,N,,,N,,N,
2016.00,6,186298.00,1799229.00,PDSG,42544A5E5C,1260.00,715.00,1,,,,,,,U,N,N,,,N,,N,
2016.00,6,186290.00,1799241.00,PDSG,467B7F2610,1400.00,710.00,1,,,,,,,U,N,N,,,N,,N,
2016.00,6,186287.00,1799245.00,PDSG,431A112D7E,1320.00,739.00,1,,,,,,,U,N,N,,,N,,N,
2016.00,6,186287.00,1799246.00,PDSG,4705542163,490.00,549.00,1,,,,,,,U,N,N,,,N,,N,
2016.00,6,186285.00,1799248.00,PDSG,4626147212,820.00,630.00,1,,,,,,,U,N,N,,,N,,N,
2016.00,6,186284.00,1799250.00,PDSG,4722084050,940.00,648.00,1,,,,,,,U,N,L,4,,N,,N,
2016.00,6,186146.00,1799274.00,PDSG,6C00112725,650.00,599.00,1,,,,,,,U,N,L,5,,N,,N,
2016.00,6,186147.00,1799278.00,PDSG,6C00112738,750.00,636.00,1,,,,,,,U,N,N,,H,Y,V,V,
2016.00,6,186149.00,1799281.00,PDSG,4704162E4A,1010.00,686.00,1,,,,,,,U,N,R,3,V,Y,,N,
2016.00,6,186153.00,1799287.00,PDSG,46182A271F,1320.00,746.00,1,,,,,,,U,N,N,,,N,,N,
2016.00,6,186154.00,1799288.00,PDSG,47095A4569,600.00,582.00,1,,,,,,,U,N,R,4,,N,,N,
2016.00,6,186156.00,1799291.00,PDSG,460D5A6B3E,530.00,551.00,1,,,,,,,U,N,L,5,,N,,N,
2016.00,6,186156.00,1799292.00,PDSG,46260D1916,560.00,568.00,1,,,,,,,U,N,L,5,,N,,N,
2016.00,6,186156.00,1799294.00,PDSG,6C00112656,580.00,578.00,1,,,,,,,U,N,L,5,,N,,N,
2016.00,6,186157.00,1799297.00,PDSG,470B154C32,900.00,644.00,1,,,,,,,U,N,R,3,V,Y,,N,
2016.00,6,186158.00,1799298.00,PDSG,6C00091369,490.00,549.00,1,,,,,,,U,N,N,,H,U,V,U,
2016.00,6,186158.00,1799299.00,PDSG,4718783903,530.00,532.00,1,,,,,,,U,N,L,5,,N,,N,
2016.00,6,186158.00,1799300.00,PDSG,4719636740,620.00,569.00,1,,,,,,,U,N,L,5,,N,,N,
2016.00,6,186159.00,1799315.00,PDSG,47226B7E40,1160.00,704.00,1,,,,,,,U,N,L,4,,N,,N,
2016.00,6,189462.00,1822995.00,PDSG,435F4D404C,1080.00,677.00,1,,,,,,,U,N,N,,V,Y,,N,
2016.00,6,189474.00,1823037.00,PDSG,471D2F7758,750.00,610.00,1,,,,,,,U,N,L,5,,N,,N,
2016.00,6,189488.00,1823067.00,PDSG,6C00112655,540.00,554.00,1,,,,,,,U,N,R,5,V,Y,X,P,
2016.00,6,189491.00,1823071.00,PDSG,470509191A,1060.00,662.00,1,,,,,,,U,N,R,3,V,Y,,N,
2016.00,6,189491.00,1823072.00,PDSG,462561542E,850.00,631.00,1,,,,,,,U,N,N,,,N,,N,
2016.00,6,189518.00,1823088.00,PDSG,46282B7759,730.00,593.00,1,,,,,,,U,N,N,,,N,,N,
2016.00,6,189463.00,1823105.00,PDSG,46282D374B,940.00,649.00,1,,,,,,,U,N,N,,,N,,N,
2016.00,6,189464.00,1823106.00,PDSG,431B313E64,1280.00,700.00,1,,,,,,,U,N,N,,,N,,N,
2016.00,6,189469.00,1823111.00,PDSG,4718783903,590.00,560.00,1,,,,,,,U,N,L,5,,N,,N,
2016.00,6,186147.00,1799277.00,PDSG,44431F647D,1020.00,679.00,1,,,,,,,U,N,N,,H,Y,,N,
2016.00,6,190408.00,1831532.00,PDSG,6C00112658,410.00,513.00,1,,,,,,,U,N,R,5,,N,,N,
2016.00,6,190419.00,1831693.00,PDSG,6C00112718,1200.00,694.00,1,,,,,,,U,N,N,,,N,,N,
2016.00,6,186160.00,1799316.00,PDSG,47045E3E02,659.00,589.00,1,,,,,,,U,N,R,4,V,Y,V,V,
2017.00,6,196831.00,1879189.00,PDSG,46256F5F43,840.00,653.00,1,,,,,,,U,N,N,,,N,,N,
2017.00,6,196834.00,1879194.00,PDSG,6C00112714,710.00,616.00,1,,,,,,,U,N,L,5,,N,,N,
2017.00,6,195932.00,1876445.00,PDSG,6C00112662,870.00,635.00,1,,,,,,,U,N,R,3,V,Y,,N,
2017.00,6,195932.00,1876446.00,PDSG,6C00112737,820.00,634.00,1,,,,,,,U,N,R,4,V,Y,,N,
2017.00,6,195943.00,1876494.00,PDSG,470A7F773C,480.00,547.00,1,,,,,,,U,N,L,5,,N,,N,
2017.00,6,195948.00,1876500.00,PDSG,6C00112703,730.00,613.00,1,,,,,,,U,N,L,5,,N,,N,
2017.00,6,195948.00,1876501.00,PDSG,406E3F4F22,4250.00,1065.00,1,,,,,,,U,N,N,,,N,,N,
2017.00,6,195949.00,1876503.00,PDSG,462735387E,655.00,576.00,1,,,,,,,U,N,N,,,N,,N,
2017.00,6,195950.00,1876504.00,PDSG,6C00112660,705.00,599.00,1,,,,,,,U,N,N,,X,Y,X,V,
2017.00,6,195950.00,1876505.00,PDSG,6C00112702,1520.00,774.00,1,,,,,,,U,N,N,,,N,,N,
2017.00,6,195958.00,1876513.00,PDSG,4442047322,1200.00,692.00,1,,,,,,,U,N,N,,H,Y,,N,
2017.00,6,195958.00,1876514.00,PDSG,435F052234,990.00,652.00,1,,,,,,,U,N,N,,,N,,N,
2017.00,6,195958.00,1876515.00,PDSG,4A490D5F07,1000.00,675.00,1,,,,,,,U,N,L,4,,N,,N,
2017.00,6,195958.00,1876516.00,PDSG,6C00112669,930.00,665.00,1,,,,,,,U,N,R,3,V,Y,,N,
2017.00,6,195958.00,1876517.00,PDSG,42544A5E5C,1370.00,730.00,1,,,,,,,U,N,N,,,N,,N,
2017.00,6,195970.00,1876520.00,PDSG,46264D5552,940.00,634.00,1,,,,,,,U,N,N,,,N,,N,
2017.00,6,195971.00,1876522.00,PDSG,4703760C44,595.00,564.00,1,,,,,,,U,N,N,,,N,,N,
2017.00,6,195971.00,1876523.00,PDSG,4703711C45,790.00,618.00,1,,,,,,,U,N,R,3,V,Y,,N,
2017.00,6,195971.00,1876524.00,PDSG,46235D2421,2800.00,869.00,1,,,,,,,U,N,N,,H,Y,,N,
2017.00,6,195973.00,1876527.00,PDSG,49005C3837,390.00,455.00,1,,,,,,,U,N,R,7,,N,,N,
2017.00,6,196061.00,1876644.00,PDSG,406E613446,3350.00,970.00,1,,,,,,,U,N,N,,,N,,N,
2017.00,6,195908.00,1876678.00,PDSG,46275D322D,830.00,595.00,1,,,,,,,U,N,N,,,N,,N,
2016.00,7,185839.00,1797258.00,PDSG,4703743002,555.00,570.00,1,,,,,,,N,N,R,3,H,P,,N,
2016.00,7,185845.00,1797329.00,PDSG,44421B3F43,2725.00,909.00,1,,,,,,,N,N,N,,,N,,N,
2016.00,7,184668.00,1788949.00,PDSG,412C31055B,2150.00,844.00,1,,,,,,,Y,N,N,,,N,,N,
2016.00,7,183789.00,1781839.00,PDSG,470A676363,2320.00,890.00,1,,,,,,,N,N,N,,,N,,N,
2016.00,7,184948.00,1790756.00,PDSG,47046A2479,470.00,546.00,1,,,,,,,N,N,R,4,V,Y,V,V,
2016.00,7,185690.00,1796077.00,PDSG,47037A3F75,190.00,402.00,1,,,,,,,N,N,N,,H,P,,N,
2016.00,7,183864.00,1782241.00,PDSG,43274A7D37,2065.00,808.00,1,,,,,,,N,N,N,,,N,,N,
2016.00,7,183871.00,1782261.00,PDSG,470409397D,1055.00,708.00,1,,,,,,,Y,N,N,,,N,,N,
2016.00,7,185797.00,1796869.00,PDSG,4703723D16,1100.00,686.00,1,,,,,,,Y,N,N,,H,R,,N,
2016.00,7,185984.00,1798276.00,PDSG,4704056D3B,1850.00,817.00,1,,,,,,,N,N,N,,,N,,N,
2016.00,7,185989.00,1798308.00,PDSG,4A463B530E,930.00,669.00,1,,,,,,,N,N,L,5,,N,,N,
2016.00,7,186133.00,1799098.00,PDSG,4442603036,3370.00,955.00,1,,,,,,,N,N,N,,,N,,N,
2016.00,7,186139.00,1799177.00,PDSG,432211593F,2135.00,863.00,1,,,,,,,N,N,N,,,N,,N,
2017.00,7,193543.00,1857216.00,PDSG,470A6E0D32,270.00,477.00,1,,,,,,,N,N,R,3,V,U,,N,
2016.00,7,188841.00,1815213.00,PDSG,462355537F,1150.00,703.00,1,,,,,,,N,N,N,,,N,V,R,
2016.00,7,188880.00,1815293.00,PDSG,48765D1215,565.00,578.00,1,,,,,,,N,N,R,3,H,P,,N,
2016.00,7,188880.00,1815294.00,PDSG,4704026736,445.00,511.00,1,,,,,,,N,N,R,3,H,P,,N,
2016.00,7,188880.00,1815297.00,PDSG,4704624660,290.00,460.00,1,,,,,,,N,N,R,3,H,U,,N,
2016.00,7,188882.00,1815312.00,PDSG,487F22741D,100.00,341.00,1,,,,,,,N,N,L,6,,N,,N,
2016.00,7,188527.00,1811197.00,PDSG,6C00107874,140.00,378.00,1,,,,,,,N,N,L,8,,N,,N,
2016.00,7,191560.00,1845087.00,PDSG,6C00110002,160.00,410.00,1,,,,,,,N,N,L,8,,N,,N,
2016.00,7,191560.00,1845088.00,PDSG,487F5C6752,130.00,369.00,1,,,,,,,N,N,L,6,,N,,N,
2016.00,7,192273.00,1850652.00,PDSG,487E0C5572,155.00,370.00,1,,,,,,,N,N,L,6,,N,,N,
2016.00,7,191284.00,1841852.00,PDSG,412C3E2453,2900.00,985.00,1,,,,,,,N,N,N,,,N,,N,
2016.00,7,182953.00,1772217.00,PDSG,47041f697d,3320.00,992.00,1,,,,,,,N,N,N,,,N,,N,
2017.00,7,196412.00,1877810.00,PDSG,6C00110002,160.00,426.00,1,,,,,,,N,N,L,8,,N,,N,
2017.00,7,195700.00,1875232.00,PDSG,470A676363,2220.00,890.00,1,,,,,,,N,N,N,,,N,,N,
2017.00,7,195712.00,1875269.00,PDSG,4349222E0D,2220.00,843.00,1,,,,,,,N,N,N,,X,Y,V,R,
2017.00,7,194558.00,1866529.00,PDSG,4704103F7C,2760.00,866.00,1,,,,,,,N,N,N,,,N,,N,
2017.00,7,194866.00,1868528.00,PDSG,471C4C7872,2480.00,903.00,1,,,,,,,N,N,N,,,N,,N,
2017.00,7,194866.00,1868529.00,PDSG,47037B0932,3800.00,1015.00,1,,,,,,,N,N,N,,,N,,N,
2017.00,7,195895.00,1876349.00,PDSG,47061D0365,165.00,402.00,1,,,,,,,N,N,L,8,,N,,N,
2017.00,7,195904.00,1876387.00,PDSG,4704432037,2700.00,894.00,1,,,,,,,N,N,N,,,N,,N,
2017.00,7,196775.00,1879071.00,PDSG,470A662520,75.00,318.00,1,,,,,,,N,N,L,8,,N,,N,
2017.00,7,195073.00,1870286.00,PDSG,470503261C,155.00,385.00,1,,,,,,,N,N,L,7,,N,,N,
2017.00,7,195062.00,1870361.00,PDSG,4702450832,1380.00,691.00,1,,,,,,,N,N,R,3,H,P,,N,
2016.00,8,183324.00,1778480.00,PDSG,4625485A12,3415.00,1010.00,1,,,,,,,N,N,N,,,N,,N,
2016.00,8,183324.00,1778481.00,PDSG,44431E477D,2504.00,904.00,1,,,,,,,N,N,N,,,N,,N,
2016.00,8,183327.00,1778486.00,PDSG,4627765050,1468.00,742.00,1,,,,,,,N,N,N,,V,U,,N,
2016.00,8,183329.00,1778492.00,PDSG,4312333A77,3598.00,1009.00,1,,,,,,,N,N,N,,,N,,N,
2016.00,8,182715.00,1767907.00,PDSG,46272C0D15,360.00,462.00,1,,,,,,,N,N,R,3,V,U,,N,
2016.00,8,183236.00,1777672.00,PDSG,432946135F,3600.00,984.00,1,,,,,,,N,N,N,,,N,,N,
2016.00,8,183264.00,1778075.00,PDSG,444527347D,1730.00,820.00,1,,,,,,,N,N,N,,V,Y,V,R,
2016.00,8,183266.00,1778099.00,PDSG,4257541A7C,1998.00,855.00,1,,,,,,,N,N,N,,,N,,N,
2016.00,8,182629.00,1767230.00,PDSG,4443602F67,3195.00,942.00,1,,,,,,,N,N,N,,,N,,N,
2016.00,8,183268.00,1778115.00,PDSG,4625517278,1102.00,682.00,1,,,,,,,N,N,N,,H,R,,N,
2016.00,8,182706.00,1767794.00,PDSG,470C4C4F24,956.00,670.00,1,,,,,,,Y,N,R,4,,N,V,P,
2016.00,8,182707.00,1767797.00,PDSG,442354554C,2758.00,934.00,1,,,,,,,N,N,N,,V,R,V,Y,
2016.00,8,185881.00,1797699.00,PDSG,43114C1C7B,3945.00,1003.00,1,,,,,,,N,N,N,,,N,,N,
2016.00,8,185745.00,1796540.00,PDSG,432235074B,4740.00,1078.00,1,,,,,,,N,N,N,,,N,,N,
2016.00,8,185880.00,1797754.00,PDSG,47171F544A,2300.00,887.00,1,,,,,,,N,N,N,,,N,,N,
2016.00,8,185879.00,1797768.00,PDSG,4442785243,2105.00,830.00,1,,,,,,,N,N,N,,,N,,N,
2016.00,8,185879.00,1797769.00,PDSG,6C00001505,1925.00,837.00,1,,,,,,,N,N,N,,H,Y,H,Y,
2016.00,8,185748.00,1796596.00,PDSG,487F58733A,230.00,412.00,1,,,,,,,N,N,L,5,,N,,N,
2016.00,8,185872.00,1797556.00,PDSG,4705477E30,2566.00,868.00,1,,,,,,,N,N,N,,X,X,,N,may have elastomere check photos black ???
2016.00,8,183523.00,1780269.00,PDSG,44430E5F29,3275.00,975.00,1,,,,,,,N,N,N,,,N,,N,
2016.00,8,183526.00,1780283.00,PDSG,470B0F7809,1668.00,819.00,1,,,,,,,N,N,N,,,N,,N,
2016.00,8,183527.00,1780285.00,PDSG,44425F5A6D,2440.00,891.00,1,,,,,,,N,N,N,,V,Y,V,R,
2016.00,8,185868.00,1797613.00,PDSG,430F566C24,1838.00,823.00,1,,,,,,,N,N,N,,V,Y,V,R,
2016.00,8,185870.00,1797636.00,PDSG,462771156F,2728.00,905.00,1,,,,,,,N,N,N,,,N,,N,
2016.00,8,185870.00,1797637.00,PDSG,4626633119,1892.00,851.00,1,,,,,,,N,N,N,,,N,,N,
2016.00,8,183533.00,1780360.00,PDSG,46271B725E,2585.00,945.00,1,,,,,,,N,N,N,,,N,,N,
2016.00,8,186347.00,1799660.00,PDSG,4866731515,2850.00,918.00,1,,,,,,,N,N,N,,,N,,N,
2016.00,8,187112.00,1802760.00,PDSG,4626661944,64.00,212.00,3,,,,,,,N,N,N,,V,U,,N,
2016.00,8,186353.00,1799698.00,PDSG,462700560F,1108.00,705.00,1,,,,,,,N,N,N,,,N,,N,
2016.00,8,186386.00,1800002.00,PDSG,434A52706B,294.00,460.00,1,,,,,,,N,N,N,,V,U,,N,
2016.00,8,186347.00,1799661.00,PDSG,471B6A6F32,2514.00,918.00,1,,,,,,,Y,N,N,,,N,,N,
2016.00,8,184327.00,1786677.00,PDSG,4315157742,1690.00,770.00,1,,,,,,,N,N,N,,,N,,N,
2016.00,8,184330.00,1786698.00,PDSG,6C00027161,235.00,439.00,1,,,,,,,N,N,L,5,,N,,N,
2016.00,8,184209.00,1785977.00,PDSG,487E0F4E2E,315.00,506.00,1,,,,,,,N,N,L,5,,N,,N,
2016.00,8,184395.00,1787026.00,PDSG,47156D2E36,1085.00,708.00,1,,,,,,,N,N,N,,V,G,,N,
2016.00,8,184403.00,1787042.00,PDSG,460E550434,2256.00,864.00,1,,,,,,,N,N,N,,,N,,N,
2016.00,8,184405.00,1787048.00,PDSG,432946135F,3578.00,988.00,1,,,,,,,N,N,N,,,N,,N,
2016.00,8,184408.00,1787061.00,PDSG,43233B6064,2558.00,886.00,1,,,,,,,N,N,N,,,N,,N,
2016.00,8,184408.00,1787062.00,PDSG,4322677725,2874.00,933.00,1,,,,,,,N,N,N,,,N,,N,
2016.00,8,184409.00,1787068.00,PDSG,4626442D53,2406.00,888.00,1,,,,,,,N,N,N,,,N,,N,
2016.00,8,185681.00,1795909.00,PDSG,471560552C,600.00,551.00,1,,,,,,,N,N,R,3,V,U,,N,
2016.00,8,185681.00,1795910.00,PDSG,4719175943,425.00,526.00,1,,,,,,,N,N,R,4,V,U,,N,
2016.00,8,184314.00,1786385.00,PDSG,46270E6C3C,2594.00,905.00,1,,,,,,,N,N,N,,,N,,N,
2016.00,8,185676.00,1795974.00,PDSG,46273D3378,130.00,359.00,1,,,,,,,N,N,L,7,H,P,,N,
2016.00,8,185823.00,1797142.00,PDSG,6C00026954,328.00,472.00,1,,,,,,,N,N,L,5,,N,,N,
2016.00,8,184342.00,1786754.00,PDSG,444424000D,1812.00,828.00,1,,,,,,,N,N,N,,,N,,N,
2016.00,8,184347.00,1786776.00,PDSG,43133C1A38,2590.00,935.00,1,,,,,,,N,N,N,,V,Y,V,R,
2016.00,8,193024.00,1854344.00,PDSG,4321076429,2910.00,908.00,1,,,,,,,N,N,N,,,N,,N,
2016.00,8,193024.00,1854345.00,PDSG,432235074B,4838.00,1080.00,1,,,,,,,N,N,N,,,N,,N,
2016.00,8,193026.00,1854355.00,PDSG,4349762D1B,1196.00,708.00,1,,,,,,,N,N,N,,,N,,N,
2016.00,8,193028.00,1854361.00,PDSG,46276A6C46,1386.00,734.00,1,,,,,,,N,N,N,,V,U,,N,
2016.00,8,189354.00,1822253.00,PDSG,4626796A13,1025.00,650.00,1,,,,,,,N,N,N,,,N,,N,
2016.00,8,193023.00,1854291.00,PDSG,4626723D3D,788.00,620.00,1,,,,,,,N,N,R,4,V,G,,N,
2016.00,8,193022.00,1854293.00,PDSG,46264E2A6E,820.00,691.00,1,,,,,,,N,N,R,4,V,P,,N,
2016.00,8,193015.00,1854312.00,PDSG,46257D4D02,1324.00,724.00,1,,,,,,,N,N,N,,H,P,,N,
2016.00,8,192954.00,1854145.00,PDSG,48683A3B7D,2522.00,920.00,1,,,,,,,N,N,N,,,N,,N,
2016.00,8,192960.00,1854154.00,PDSG,46276B3F42,1094.00,676.00,1,,,,,,,N,N,R,4,V,G,,N,
2016.00,8,192961.00,1854157.00,PDSG,462678477B,1486.00,764.00,1,,,,,,,N,N,N,,,N,,N,
2016.00,8,192962.00,1854160.00,PDSG,46280D7F63,658.00,639.00,1,,,,,,,N,N,N,,V,Y,,N,
2016.00,8,192962.00,1854161.00,PDSG,46265B714C,2348.00,853.00,1,,,,,,,N,N,N,,,N,V,Y,
2016.00,8,192971.00,1854170.00,PDSG,4626024F17,352.00,484.00,1,,,,,,,Y,N,L,5,,N,,N,
2016.00,8,192965.00,1854186.00,PDSG,4627226B7D,1782.00,798.00,1,,,,,,,N,N,N,,,N,,N,
2016.00,8,192981.00,1854198.00,PDSG,44231A6C09,2878.00,915.00,1,,,,,,,N,N,N,,H,Y,,N,
2016.00,8,192980.00,1854203.00,PDSG,46256D4C4D,954.00,620.00,1,,,,,,,N,N,R,3,H,U,,N,
2016.00,8,192977.00,1854207.00,PDSG,487F0F6C7D,288.00,470.00,1,,,,,,,N,N,L,5,,N,,N,
2016.00,8,193033.00,1854379.00,PDSG,46264E2A6E,792.00,691.00,1,,,,,,,N,N,R,4,V,P,,N,
2016.00,8,193033.00,1854380.00,PDSG,4626452038,672.00,580.00,1,,,,,,,N,N,L,4,,N,,N,
2016.00,8,193043.00,1854381.00,PDSG,43491C3E34,1990.00,820.00,1,,,,,,,N,N,N,,,N,V,P,
2016.00,8,193043.00,1854382.00,PDSG,4626646458,798.00,619.00,1,,,,,,,N,N,N,,,N,,N,
2016.00,8,193042.00,1854389.00,PDSG,44226D4057,4364.00,1024.00,1,,,,,,,N,N,N,,,N,,N,
2016.00,8,193037.00,1854443.00,PDSG,6C00026979,232.00,434.00,1,,,,,,,N,N,L,5,,N,,N,
2016.00,8,192986.00,1854223.00,PDSG,487E331F2A,384.00,518.00,1,,,,,,,N,N,L,5,,N,,N,
2016.00,8,192986.00,1854224.00,PDSG,471630212C,302.00,480.00,1,,,,,,,N,N,R,4,V,U,,N,
2016.00,8,192988.00,1854226.00,PDSG,48766E0263,782.00,635.00,1,,,,,,,N,N,R,3,V,O,,N,
2016.00,8,192990.00,1854240.00,PDSG,4716307531,1360.00,783.00,1,,,,,,,N,N,N,,,N,,N,
2016.00,8,192998.00,1854254.00,PDSG,4718714C7D,1482.00,740.00,1,,,,,,,N,N,R,3,V,R,,N,
2016.00,8,193013.00,1854269.00,PDSG,4348550D18,1336.00,755.00,1,,,,,,,N,N,N,,V,Y,V,R,
2016.00,8,193011.00,1854273.00,PDSG,4713167741,1126.00,687.00,1,,,,,,,N,N,N,,X,R,,N,
2016.00,8,193008.00,1854279.00,PDSG,4715591B05,3242.00,960.00,1,,,,,,,N,N,N,,,N,,N,
2016.00,8,193042.00,1854388.00,PDSG,4627023208,3666.00,970.00,1,,,,,,,N,N,N,,,N,,N,
2016.00,8,184200.00,1785965.00,PDSG,462724457D,1118.00,725.00,1,,,,,,,N,N,R,5,,N,,N,
2016.00,8,184347.00,1786777.00,PDSG,487F45665E,490.00,548.00,1,,,,,,,N,N,L,5,,N,,N,
2017.00,8,193960.00,1861413.00,PDSG,432D6B304F,1048.00,675.00,1,,,,,,,N,N,N,,,N,,N,
2017.00,8,193959.00,1861424.00,PDSG,6C00107549,136.00,380.00,1,,,,,,,N,N,L,8,,N,,N,
2017.00,8,194544.00,1866456.00,PDSG,46275B096A,462.00,535.00,1,,,,,,,N,N,R,4,,N,,N,
2017.00,8,194544.00,1866457.00,PDSG,4625110F62,402.00,494.00,1,,,,,,,N,N,R,4,V,U,,N,
2017.00,8,194546.00,1866479.00,PDSG,47235A7A51,2424.00,900.00,1,,,,,,,N,N,N,,,N,,N,
2017.00,8,194125.00,1863093.00,PDSG,431A114A09,2638.00,925.00,1,,,,,,,N,N,N,,,N,,N,
2017.00,8,194591.00,1866667.00,PDSG,44417D4002,3390.00,941.00,1,,,,,,,N,N,N,,V,Y,V,R,
2017.00,8,194067.00,1862260.00,PDSG,462711443D,3216.00,954.00,1,,,,,,,N,N,N,,,N,,N,
2017.00,8,194061.00,1862299.00,PDSG,47154D673D,1228.00,710.00,1,,,,,,,N,N,N,,,N,,N,
2017.00,8,194013.00,1861775.00,PDSG,460E5B2857,2620.00,905.00,1,,,,,,,N,N,N,,V,Y,V,R,
2017.00,8,193991.00,1861624.00,PDSG,46276A2E0B,1776.00,793.00,1,,,,,,,Y,N,N,,,N,V,P,
2017.00,8,193996.00,1861644.00,PDSG,4900637562,645.00,585.00,1,,,,,,,N,N,L,5,,N,,N,
2017.00,8,194065.00,1862417.00,PDSG,6C00107607,110.00,374.00,1,,,,,,,N,N,L,8,,N,,N,
2017.00,8,195761.00,1875524.00,PDSG,47142F003F,1280.00,749.00,1,,,,,,,N,N,R,5,H,U,,N,
2017.00,8,194032.00,1861843.00,PDSG,4626760429,1182.00,687.00,1,,,,,,,N,N,N,,,N,,N,
2017.00,8,194368.00,1865032.00,PDSG,4715176623,2190.00,841.00,1,,,,,,,N,N,N,,V,Y,V,R,
2017.00,8,194364.00,1865049.00,PDSG,47190F6060,435.00,528.00,1,,,,,,,N,N,R,4,V,G,,N,
2017.00,8,194516.00,1866218.00,PDSG,44420A0B5C,2658.00,905.00,1,,,,,,,N,N,N,,,N,,N,
2017.00,8,194516.00,1866219.00,PDSG,460E5B2857,2828.00,910.00,1,,,,,,,N,N,N,,,,V,R,
2017.00,8,194516.00,1866220.00,PDSG,442156622C,2296.00,902.00,1,,,,,,,N,N,N,,,N,,N,
2017.00,8,193967.00,1861448.00,PDSG,4705477E30,2688.00,882.00,1,,,,,,,N,N,N,,,N,,N,
2017.00,8,193968.00,1861451.00,PDSG,47171F544A,2624.00,884.00,1,,,,,,,N,N,N,,,N,,N,
2017.00,8,193969.00,1861452.00,PDSG,46267E122E,328.00,480.00,1,,,,,,,N,N,L,5,,N,,N,
2017.00,8,193974.00,1861464.00,PDSG,444324103C,1168.00,711.00,1,,,,,,,N,N,N,,H,Y,,N,
2017.00,8,194520.00,1866305.00,PDSG,43233B6064,2806.00,900.00,1,,,,,,,N,N,N,,,N,,N,
2017.00,8,194665.00,1867079.00,PDSG,4627643C7D,2310.00,834.00,1,,,,,,,N,N,N,,,N,,N,
2017.00,8,194669.00,1867098.00,PDSG,444527030D,4125.00,1006.00,1,,X,,,,,N,N,N,,V,Y,V,R,
2016.00,9,183293.00,1778287.00,PDSG,460E134D22,2643.00,898.00,1,,,,,,,N,N,N,,,N,,N,
2016.00,9,183314.00,1778317.00,SNSG,4627570260,2215.00,761.00,,,,,,,,N,N,N,,,N,,N,
2016.00,9,183411.00,1779428.00,PDSG,46277C247E,2429.00,892.00,1,,,,,,,N,N,N,,,N,,N,
2016.00,9,183444.00,1779679.00,PDSG,47152D1927,2706.00,942.00,1,,,,,,,N,N,N,,V,Y,V,P,
2016.00,9,183446.00,1779699.00,PDSG,46256A240E,3268.00,992.00,1,,,,,,,N,N,N,,,N,,N,
2016.00,9,183447.00,1779720.00,PDSG,46270F1A02,218.00,439.00,1,,,,,,,N,N,L,5,,N,,N,
2016.00,9,183322.00,1778463.00,PDSG,471E136C44,1680.00,814.00,1,,,,,,,N,N,R,5,V,G,,N,
2016.00,9,183337.00,1778526.00,PDSG,46267D4763,790.00,624.00,1,,,,,,,N,N,R,4,H,G,,N,
2016.00,9,183453.00,1779772.00,PDSG,44456E511C,1130.00,747.00,1,,,,,,,N,U,N,,,N,,N,
2016.00,9,183453.00,1779773.00,PDSG,46265D4463,405.00,550.00,1,,,,,,,N,N,R,5,,N,,N,
2016.00,9,183425.00,1779341.00,PDSG,4443356B11,2397.00,903.00,1,,,,,,,N,N,N,,,N,,N,
2016.00,9,185014.00,1791287.00,PDSG,4A471F4C44,270.00,462.00,1,,,,,,,N,N,L,5,,N,,N,
2016.00,9,184839.00,1790019.00,PDSG,4626691D76,290.00,459.00,1,,,,,,,N,N,R,5,V,U,,N,
2016.00,9,185268.00,1794179.00,PDSG,4704656E5A,805.00,650.00,1,,,,,,,N,N,R,3,H,U,,N,
2016.00,9,185276.00,1794213.00,PDSG,46262B4F43,4160.00,1051.00,1,,,,,,,N,N,N,,,N,,N,
2016.00,9,185277.00,1794217.00,PDSG,6C00030064,245.00,465.00,1,,,,,,,N,N,L,5,,N,,N,
2016.00,9,184065.00,1784479.00,PDSG,462647793D,849.00,634.00,1,,,,,,,N,N,N,,,N,,N,
2016.00,9,185016.00,1791315.00,PDSG,412C255708,4150.00,1005.00,1,,,,,,,N,N,N,,,N,,N,
2016.00,9,185279.00,1794227.00,PDSG,432A191F35,2670.00,930.00,1,,,,,,,N,N,N,,,N,,N,
2016.00,9,185282.00,1794245.00,PDSG,471269730D,3060.00,950.00,1,,,,,,,N,N,N,,,N,,N,
2016.00,9,184763.00,1789471.00,PDSG,465B766243,400.00,502.00,1,,,,,,,N,N,N,,X,Y,V,V,
2016.00,9,184763.00,1789472.00,PDSG,4706130808,690.00,617.00,1,,,,,,,N,N,L,6,V,O,,N,
2016.00,9,184776.00,1789751.00,PDSG,467C235334,850.00,649.00,1,,,,,,,N,N,N,,,N,,N,
2016.00,9,184776.00,1789752.00,PDSG,487661653C,2940.00,940.00,1,,,,,,,N,N,N,,,N,,N,
2016.00,9,184552.00,1788057.00,PDSG,442313737f,1220.00,690.00,1,,,,,,,N,N,N,,,N,H,Y,
2016.00,9,184555.00,1788070.00,PDSG,4704502e40,240.00,467.00,1,,,,,,,N,N,N,,H,Y,V,V,
2016.00,9,185055.00,1791376.00,PDSG,46234A1A27,1268.00,736.00,1,,,,,,,N,N,N,,,N,,N,
2016.00,9,185284.00,1794274.00,PDSG,47131D214C,3065.00,966.00,1,,,,,,,N,N,N,,,N,,N,
2016.00,9,185285.00,1794283.00,PDSG,4719205335,515.00,524.00,1,,,,,,,N,N,N,,,N,V,Y,
2016.00,9,185288.00,1794304.00,PDSG,47162F3F7E,420.00,520.00,1,,,,,,,N,N,L,5,,N,,N,
2016.00,9,184781.00,1789571.00,PDSG,470A6E642D,2510.00,858.00,1,,,,,,,N,N,N,,,N,,N,
2016.00,9,184367.00,1786903.00,PDSG,431B5B2200,910.00,659.00,1,,,,,,,N,N,N,,,N,,N,
2016.00,9,184070.00,1784261.00,PDSG,4626401E35,620.00,590.00,1,,,,,,,N,N,N,,X,Y,V,V,
2016.00,9,185079.00,1791429.00,PDSG,48686E410A,3068.00,1007.00,1,,,,,,,N,N,N,,,N,,N,
2016.00,9,185246.00,1793536.00,PDSG,4715375D18,720.00,625.00,1,,,,,,,N,N,L,4,,N,,N,
2016.00,9,185248.00,1793545.00,PDSG,6C00112132,2970.00,970.00,1,,,,,,,N,N,N,,,N,,N,
2016.00,9,185249.00,1793550.00,PDSG,4627056D3B,530.00,568.00,1,,,,,,,N,N,N,,H,R,,N,
2016.00,9,185250.00,1793555.00,PDSG,4868675E7C,490.00,568.00,1,,,,,,,N,N,R,4,,N,,N,
2016.00,9,185252.00,1793601.00,PDSG,436800383A,2340.00,893.00,1,,,,,,,N,N,N,,,N,,N,
2016.00,9,185252.00,1793602.00,PDSG,4716224B2F,2885.00,950.00,1,,,,,,,N,N,N,,,N,,N,
2016.00,9,185327.00,1793619.00,PDSG,4A47192627,365.00,498.00,1,,,,,,,N,N,L,4,,N,,N,
2016.00,9,185328.00,1793625.00,PDSG,424E42474B,3210.00,974.00,1,,,,,,,N,N,N,,,N,,N,
2016.00,9,185330.00,1793629.00,PDSG,471516547E,4020.00,1032.00,1,,,,,,,N,N,N,,,N,,N,
2016.00,9,185331.00,1793630.00,PDSG,4A472B2C49,580.00,580.00,1,,,,,,,N,N,L,5,,N,,N,
2016.00,9,185080.00,1791535.00,PDSG,435F284022,2586.00,920.00,1,,,,,,,N,N,N,,,N,,N,
2016.00,9,185256.00,1793647.00,PDSG,4A47745F7F,740.00,640.00,1,,,,,,,N,N,L,4,,N,,N,
2016.00,9,184420.00,1787096.00,PDSG,4704707735,670.00,594.00,1,,,,,,,N,N,L,8,H,P,,N,
2016.00,9,185105.00,1791555.00,PDSG,4627140A34,2568.00,804.00,1,,,,,,,N,N,N,,,N,,N,
2016.00,9,185332.00,1793710.00,PDSG,47133B3259,680.00,602.00,1,,,,,,,N,N,R,4,V,G,,N,
2016.00,9,185333.00,1793722.00,PDSG,46275F324A,470.00,550.00,1,,,,,,,N,N,N,,H,R,,N,
2016.00,9,185334.00,1793724.00,PDSG,46272A3771,515.00,575.00,1,,,,,,,N,N,R,3,H,P,,N,
2016.00,9,184097.00,1785170.00,PDSG,46254D524C,805.00,612.00,1,,,,,,,N,N,R,3,V,U,,N,
2016.00,9,185293.00,1793741.00,PDSG,47157F3E43,2440.00,914.00,1,,,,,,,N,N,N,,,N,,N,
2016.00,9,185336.00,1793774.00,PDSG,487F075D74,570.00,580.00,1,,,,,,,N,N,L,5,,N,,N,
2016.00,9,185336.00,1793775.00,PDSG,4627610C18,1400.00,751.00,1,,,,,,,N,N,N,,,N,V,Y,
2016.00,9,185121.00,1791658.00,PDSG,436160355D,1656.00,790.00,1,,,,,,,N,N,N,,,N,,N,
2016.00,9,185121.00,1791659.00,PDSG,44214A2056,2068.00,864.00,1,,,,,,,N,N,N,,,N,,N,
2016.00,9,185123.00,1791672.00,PDSG,4627607260,888.00,676.00,1,,,,,,,N,N,N,,,N,,N,
2016.00,9,185124.00,1791688.00,PDSG,487F777D6D,362.00,493.00,1,,,,,,,N,N,L,5,,N,,N,
2016.00,9,184116.00,1785230.00,PDSG,4627026A19,1246.00,725.00,1,,,,,,,N,N,L,3,,N,,N,
2016.00,9,185069.00,1791728.00,PDSG,47045B4913,436.00,532.00,1,,,,,,,N,N,R,4,,N,,N,
2016.00,9,185310.00,1793855.00,PDSG,47146D7209,310.00,483.00,1,,,,,,,N,N,L,5,,N,,N,
2016.00,9,184429.00,1787165.00,PDSG,44432E2245,2695.00,938.00,1,,,,,,,N,N,N,,,N,,N,
2016.00,9,184429.00,1787166.00,PDSG,44454A1B0C,1522.00,750.00,1,,,,,,,N,N,N,,V,Y,V,R,
2016.00,9,184120.00,1785281.00,PDSG,462654695C,346.00,533.00,1,,,,,,,N,N,R,4,V,U,,N,
2016.00,9,185060.00,1791771.00,PDSG,44430D571C,1526.00,765.00,1,,,,,,,N,N,N,,,N,,N,
2016.00,9,185061.00,1791779.00,PDSG,470C22034B,498.00,559.00,1,,,,,,,N,N,R,3,V,P,,N,
2016.00,9,184428.00,1787203.00,PDSG,6C00112800,856.00,640.00,1,,,,,,,N,N,N,,,N,V,Y,
2016.00,9,184425.00,1787215.00,PDSG,6C00112745,1668.00,815.00,1,,,,,,,N,N,N,,,N,,N,
2016.00,9,184424.00,1787220.00,PDSG,46261A3257,288.00,464.00,1,,,,,,,N,N,L,6,,N,,N,
2016.00,9,184423.00,1787222.00,PDSG,6C00112856,492.00,543.00,1,,,,,,,N,N,R,4,,N,,N,
2016.00,9,185022.00,1791832.00,PDSG,472044313A,438.00,551.00,1,,,,,,,N,N,L,5,,N,,N,
2016.00,9,184501.00,1787728.00,PDSG,467C0C5979,490.00,540.00,1,,,,,,,N,N,R,4,V,G,,N,
2016.00,9,185344.00,1793977.00,PDSG,4627524950,2960.00,961.00,1,,,,,,,N,N,N,,,N,,N,
2016.00,9,185555.00,1795773.00,PDSG,4443690A1E,2582.00,907.00,1,,,,,,,N,N,N,,,N,,N,
2016.00,9,183940.00,1783100.00,PDSG,4442717114,1185.00,703.00,1,,,,,,,N,N,N,,,N,,N,
2016.00,9,184334.00,1786725.00,PDSG,487f034774,,474.00,,,,,,,,N,N,L,5,,N,,N,
2016.00,9,184336.00,1786744.00,PDSG,4443647861,,661.00,,,,,,,,N,N,N,,H,Y,,N,
2016.00,9,184337.00,1786745.00,PDSG,47151A6D3D,,599.00,,,,,,,,N,N,R,4,,N,,N,
2016.00,9,184341.00,1786752.00,PDSG,465b304e16,2085.00,846.00,1,,,,,,,N,N,N,,,N,,N,
2016.00,9,184341.00,1786753.00,PDSG,431124153F,,932.00,,,,,,,,Y,N,N,,,N,,N,
2016.00,9,184761.00,1789453.00,SNSG,,1950.00,778.00,,,,,M,36959,D,,,,,,,,,
2016.00,9,185048.00,1791939.00,PDSG,434B722859,250.00,444.00,1,,,,,,,N,N,L,5,,N,,N,
2016.00,9,185347.00,1794027.00,PDSG,587605183D,560.00,570.00,1,,,,,,,Y,N,N,,,N,,N,
2016.00,9,184795.00,1789827.00,PDSG,47043F7B20,2480.00,884.00,1,,,,,,,N,N,N,,,N,,N,
2016.00,9,185052.00,1791957.00,PDSG,434B6D172B,598.00,565.00,1,,,,,,,N,N,R,4,V,G,,N,
2016.00,9,184831.00,1789983.00,PDSG,460D416E4F,2190.00,870.00,1,,,,,,,N,N,N,,,N,,N,
2016.00,9,185242.00,1794085.00,PDSG,4712647E3D,3235.00,991.00,1,,,,,,,N,N,N,,,N,,N,
2016.00,9,185243.00,1794094.00,PDSG,47146E6955,850.00,664.00,1,,,,,,,N,N,L,4,,N,,N,
2016.00,9,183950.00,1783234.00,PDSG,46276F7A0E,1528.00,736.00,1,,,,,,,N,N,N,,,N,,N,
2016.00,9,184779.00,1789665.00,PDSG,6C00112800,760.00,639.00,1,,,,,,,N,N,N,,,N,V,Y,
2016.00,9,184781.00,1789679.00,PDSG,47051F307B,3580.00,1001.00,1,,,,,,,N,N,N,,,N,,N,
2016.00,9,184781.00,1789680.00,PDSG,47044C1478,2020.00,850.00,1,,,,,,,Y,N,N,,,N,,N,
2016.00,9,184781.00,1789681.00,PDSG,47075D0243,890.00,691.00,1,,,,,,,N,N,N,,H,R,,N,
2016.00,9,184781.00,1789682.00,PDSG,44437F214B,1790.00,878.00,1,,,,,,,Y,N,N,,H,Y,,N,
2016.00,9,184058.00,1784401.00,PDSG,4626697247,3021.00,970.00,1,,,,,,,N,N,N,,,N,,N,
2016.00,9,185095.00,1791999.00,PDSG,4626370668,890.00,649.00,1,,,,,,,N,N,N,,,N,V,Y,
2016.00,9,185097.00,1792013.00,PDSG,4442703674,654.00,579.00,1,,,,,,,N,N,N,,,N,,N,
2016.00,9,185262.00,1794153.00,PDSG,47146E6955,840.00,663.00,1,,,,,,,N,N,L,4,,N,,N,
2016.00,9,185223.00,1793314.00,PDSG,4421324A13,3100.00,917.00,1,,,,,,,N,N,N,,H,Y,H,Y,
2016.00,9,185403.00,1795129.00,PDSG,4627480529,1434.00,782.00,1,,,,,,,N,N,N,,,N,,N,
2016.00,9,185377.00,1795302.00,PDSG,46276B3F42,906.00,653.00,1,,,,,,,N,N,R,4,V,G,,N,
2016.00,9,185377.00,1795303.00,PDSG,4627136354,1864.00,811.00,1,,,,,,,N,N,N,,,N,,N,
2016.00,9,185379.00,1795317.00,PDSG,46263A700D,544.00,555.00,1,,,,,,,N,N,R,3,V,P,,N,
2016.00,9,184877.00,1790303.00,PDSG,46276F7A0E,1470.00,739.00,1,,,,,,,N,N,N,,,N,,N,
2016.00,9,184877.00,1790326.00,PDSG,4704024616,360.00,500.00,1,,,,,,,N,N,R,5,V,U,,N,
2016.00,9,185389.00,1794589.00,PDSG,444219106C,3588.00,1002.00,1,,,,,,,N,N,N,,,N,,N,
2016.00,9,185396.00,1794628.00,PDSG,4A46794E09,670.00,618.00,1,,,,,,,N,N,L,5,,N,,N,
2016.00,9,185226.00,1792115.00,PDSG,46270C2E16,700.00,614.00,1,,,,,,,N,N,R,4,,N,,N,
2016.00,9,185226.00,1792116.00,PDSG,46267D4763,720.00,620.00,1,,,,,,,N,N,R,4,H,G,,N,
2016.00,9,185188.00,1793362.00,PDSG,4627143D44,1258.00,755.00,1,,,,,,,N,N,N,,,N,,N,
2016.00,9,185435.00,1795348.00,PDSG,4723336646,2478.00,905.00,1,,,,,,,N,N,N,,,N,,N,belly scar telemetry tag
2016.00,9,185381.00,1795377.00,PDSG,46257F3630,2995.00,976.00,1,,,,,,,N,N,N,,,N,,N,
2016.00,9,184216.00,1786051.00,PDSG,487F237130,682.00,600.00,1,,,,,,,N,N,L,3,,N,,N,
2016.00,9,184872.00,1790196.00,PDSG,487E465523,730.00,629.00,1,,,,,,,N,N,L,3,,N,,N,
2016.00,9,184871.00,1790208.00,PDSG,4707401604,540.00,559.00,1,,,,,,,N,N,R,3,H,P,,N,
2016.00,9,184641.00,1788605.00,PDSG,49002A2A0C,400.00,531.00,1,,,,,,,N,N,L,5,,N,,N,
2016.00,9,185196.00,1792186.00,PDSG,4627322E51,3498.00,995.00,1,,,,,,,N,N,N,,,N,,N,
2016.00,9,185214.00,1792791.00,PDSG,4626625F1F,492.00,564.00,1,,,,,,,N,N,R,3,V,Y,,N,
2016.00,9,185170.00,1793436.00,PDSG,46280A267E,870.00,647.00,1,,,,,,,N,N,N,,,N,V,Y,
2016.00,9,184729.00,1789169.00,PDSG,46261A3257,267.00,458.00,1,,,,,,,N,N,L,6,,N,,N,
2016.00,9,184728.00,1789178.00,PDSG,6C00112812,3227.00,916.00,1,,,,,,,N,N,N,,,N,,N,
2016.00,9,184580.00,1788183.00,PDSG,432b6f614c,1540.00,750.00,1,,,,,,,N,N,N,,,N,,N,
2016.00,9,185162.00,1793456.00,PDSG,4627061C6F,3024.00,922.00,1,,,,,,,N,N,N,,,N,,N,
2016.00,9,183623.00,1781202.00,PDSG,487F7A7C01,640.00,600.00,1,,,,,,,N,N,L,4,,N,,N,
2016.00,9,185142.00,1792239.00,PDSG,44437F6E79,2550.00,898.00,1,,,,,,,N,N,N,,V,Y,V,R,
2016.00,9,185166.00,1792250.00,PDSG,4626692363,400.00,505.00,1,,,,,,,N,N,R,4,V,U,,N,
2016.00,9,185230.00,1792277.00,PDSG,46274E1C59,740.00,648.00,1,,,,,,,N,N,R,5,,N,,N,
2016.00,9,185231.00,1792284.00,PDSG,46272F5630,1950.00,880.00,1,,,,,,,N,N,N,,,N,,N,
2016.00,9,185218.00,1792878.00,PDSG,4627175111,268.00,454.00,1,,,,,,,N,N,N,,V,Y,V,G,
2016.00,9,185134.00,1793518.00,PDSG,462457120D,4552.00,1100.00,1,,,,,,,N,N,N,,,N,,N,
2016.00,9,183886.00,1782398.00,PDSG,4626562942,740.00,630.00,1,,,,,,,N,N,R,4,V,Y,V,V,
2016.00,9,183620.00,1781246.00,PDSG,4627695E7C,500.00,531.00,1,,,,,,,N,N,N,,,N,,N,
2016.00,9,183622.00,1781251.00,PDSG,46251E2121,1280.00,757.00,1,,,,,,,N,N,N,,H,Y,,N,
2016.00,9,185240.00,1792289.00,PDSG,486A000C31,560.00,550.00,1,,,,,,,N,N,R,3,V,P,,N,
2016.00,9,185240.00,1792290.00,PDSG,47061F690A,2910.00,955.00,1,,,,,,,N,N,N,,,N,,N,
2016.00,9,185203.00,1792324.00,PDSG,4A467F4F41,890.00,648.00,1,,,,,,,N,N,L,4,,N,,N,
2016.00,9,184378.00,1786974.00,PDSG,43201E6A0A,3490.00,971.00,1,,,,,,,N,N,N,,,N,,N,
2016.00,9,184378.00,1786975.00,PDSG,444363505B,3130.00,990.00,1,,,,,,,N,N,N,,,N,,N,
2016.00,9,184378.00,1786977.00,PDSG,47095E4565,2380.00,875.00,1,,,,,,,N,N,N,,,N,,N,
2016.00,9,184378.00,1786978.00,PDSG,4626560A56,590.00,576.00,1,,,,,,,Y,Y,L,5,,N,,N,
2016.00,9,185234.00,1792650.00,PDSG,4626564564,3254.00,975.00,1,,,,,,,N,N,N,,,N,,N,
2016.00,9,185406.00,1794649.00,PDSG,444219106C,3485.00,1000.00,1,,,,,,,N,N,N,,,N,,N,
2016.00,9,185409.00,1794666.00,PDSG,470B137D07,2860.00,963.00,1,,,,,,,N,N,N,,,N,,N,
2016.00,9,184608.00,1788532.00,PDSG,471A1F0146,1740.00,806.00,1,,,,,,,N,N,N,,,N,,N,
2016.00,9,185709.00,1796186.00,PDSG,44226C4354,1270.00,728.00,1,,,,,,,N,N,N,,,N,H,R,
2016.00,9,185713.00,1796225.00,PDSG,6C00112747,430.00,511.00,1,,,,,,,N,N,R,5,,N,,N,
2016.00,9,183956.00,1783291.00,PDSG,4627326A32,,505.00,,,,,,,,N,N,R,5,,N,,N,
2016.00,9,183957.00,1783293.00,PDSG,4716564551,865.00,622.00,1,,,,,,,N,N,N,,,N,V,Y,
2016.00,9,184594.00,1788276.00,PDSG,462550717B,360.00,488.00,1,,,,,,,N,N,R,3,H,P,,N,
2016.00,9,184599.00,1788297.00,PDSG,6C00112754,3455.00,968.00,1,,,,,,,N,N,N,,,N,,N,
2016.00,9,183803.00,1781883.00,PDSG,471632714C,1404.00,756.00,1,,,,,,,N,N,N,,,N,V,Y,
2016.00,9,183803.00,1781884.00,PDSG,442604403E,1744.00,811.00,1,,,,,,,N,N,N,,,N,,N,
2016.00,9,183800.00,1781890.00,PDSG,4256743F35,2307.00,865.00,1,,,,,,,N,N,N,,,N,,N,
2016.00,9,183955.00,1783315.00,PDSG,471a2f2633,3445.00,950.00,1,,,,,,,N,N,N,,,N,,N,
2016.00,9,183955.00,1783316.00,PDSG,44431e477d,2380.00,905.00,1,,,,,,,N,N,N,,,N,,N,
2016.00,9,183958.00,1783352.00,PDSG,4626047664,,802.00,,,,,,,,N,N,N,,X,Y,,N,
2016.00,9,184645.00,1788790.00,PDSG,47040F7A78,2120.00,850.00,1,,,,,,,N,N,N,,,N,,N,
2016.00,9,185178.00,1792923.00,PDSG,43296C763B,1156.00,685.00,1,,,,,,,N,N,N,,,N,,N,
2016.00,9,185156.00,1792956.00,PDSG,4444294D44,1868.00,800.00,1,,,,,,,N,N,N,,H,Y,,N,
2016.00,9,183909.00,1782599.00,PDSG,46273A463A,2811.00,950.00,1,,,,,,,N,N,N,,,N,,N,
2016.00,9,188829.00,1814621.00,SNSG,,,103.00,,,,,,,,,,,,,,,,
2016.00,9,184603.00,1788415.00,PDSG,4443167B0B,2620.00,923.00,1,,,,,,,N,N,N,,,N,,N,
2016.00,9,184987.00,1791050.00,PDSG,432B415C65,1340.00,742.00,1,,,,,,,N,N,N,,,N,,N,
2016.00,9,184986.00,1791068.00,PDSG,49004B6768,400.00,520.00,1,,,,,,,N,N,L,5,,N,,N,
2016.00,9,184986.00,1791069.00,PDSG,487D5B4931,320.00,470.00,1,,,,,,,N,N,L,5,,N,,N,
2016.00,9,185143.00,1792385.00,PDSG,47191D5F5D,4240.00,1050.00,1,,,,,,,N,N,N,,,N,,N,
2016.00,9,184985.00,1791088.00,PDSG,6C00112835,1220.00,718.00,1,,,,,,,N,N,N,,,N,,N,
2016.00,9,184984.00,1791097.00,PDSG,442379002A,3330.00,1024.00,1,,,,,,,N,N,N,,,N,,N,
2016.00,9,185438.00,1794335.00,PDSG,46257F3630,3108.00,970.00,1,,,,,,,N,N,N,,,N,,N,belly scar
2016.00,9,183891.00,1782737.00,PDSG,4626377E2A,4096.00,1020.00,1,,,,,,,N,N,N,,,N,,N,
2016.00,9,183892.00,1782739.00,PDSG,4627514272,613.00,583.00,1,,,,,,,N,N,R,4,V,Y,V,V,
2016.00,9,184534.00,1787840.00,PDSG,6C00112768,443.00,510.00,1,,,,,,,N,N,N,,V,Y,V,V,
2016.00,9,184541.00,1787852.00,PDSG,48683F4876,3999.00,1052.00,1,,,,,,,Y,N,N,,,N,,N,
2016.00,9,185147.00,1792484.00,PDSG,4627175111,288.00,455.00,1,,,,,,,N,N,N,,V,Y,V,G,
2016.00,9,185159.00,1793088.00,PDSG,470A624F24,660.00,610.00,1,,,,,,,N,N,N,,,N,,N,
2016.00,9,185366.00,1794913.00,PDSG,431B431246,3489.00,1027.00,1,,,,,,,N,N,N,,,N,,N,
2016.00,9,185454.00,1794950.00,PDSG,4626052C05,854.00,652.00,1,,,,,,,N,N,N,,V,G,,N,
2016.00,9,184540.00,1787885.00,PDSG,4442034114,1669.00,781.00,1,,,,,,,N,N,N,,H,Y,,N,
2016.00,9,184539.00,1787905.00,PDSG,4628232D7B,3369.00,1016.00,1,,,,,,,N,N,N,,,N,,N,
2016.00,9,184536.00,1787927.00,PDSG,6C00112748,829.00,646.00,1,,,,,,,N,N,R,3,H,P,,N,
2016.00,9,185371.00,1794388.00,PDSG,4627652F00,628.00,552.00,1,,,,,,,N,N,R,3,V,Y,,N,
2016.00,9,185371.00,1794389.00,PDSG,4718023929,658.00,627.00,1,,,,,,,N,N,N,,V,G,,N,
2016.00,9,185440.00,1794434.00,PDSG,490009347E,865.00,665.00,1,,,,,,,N,N,L,5,,N,,N,
2016.00,9,185132.00,1793134.00,PDSG,462704502D,2760.00,910.00,1,,,,,,,N,N,N,,,N,,N,
2016.00,9,185367.00,1794972.00,PDSG,47155E5937,1525.00,760.00,1,,,,,,,N,N,N,,,N,,N,
2016.00,9,184261.00,1786168.00,PDSG,4348145A67,875.00,655.00,1,,,,,,,N,N,N,,,N,,N,
2016.00,9,185421.00,1794484.00,PDSG,4627273875,847.00,603.00,1,,,,,,,N,N,N,,H,P,,N,
2016.00,9,184978.00,1790993.00,PDSG,442131237F,2400.00,881.00,1,,,,,,,N,N,N,,,N,X,R,
2016.00,9,184976.00,1791000.00,PDSG,442379002A,3230.00,1026.00,1,,,,,,,N,N,N,,,N,,N,
2016.00,9,185151.00,1792610.00,PDSG,4421324A13,3162.00,925.00,1,,,,,,,N,N,N,,H,Y,H,Y,
2016.00,9,185209.00,1792613.00,PDSG,46267A7476,504.00,558.00,1,,,,,,,N,N,R,3,V,P,,N,
2016.00,9,185222.00,1793206.00,PDSG,4627515C64,690.00,620.00,1,,,,,,,N,N,L,4,V,P,,N,
2016.00,9,185360.00,1795215.00,PDSG,4627523112,725.00,616.00,1,,,,,,,N,N,L,4,,N,,N,
2016.00,9,185405.00,1795226.00,PDSG,4B17261C64,3789.00,1008.00,1,,,,,,,N,N,N,,,N,,N,
2016.00,9,184256.00,1786208.00,PDSG,46276B3F42,960.00,650.00,1,,,,,,,N,N,R,4,V,G,,N,
2016.00,9,185442.00,1794506.00,PDSG,43496A6727,1226.00,681.00,1,,,,,,,Y,N,N,,,N,,N,
2016.00,9,185174.00,1792657.00,PDSG,46276C4A00,4586.00,1110.00,1,,,,,,,N,N,N,,,N,,N,
2016.00,9,185355.00,1795095.00,PDSG,4327796424,3282.00,920.00,1,,,,,,,N,N,N,,,N,,N,
2016.00,9,185357.00,1795101.00,PDSG,46257F3630,3088.00,972.00,1,,,,,,,Y,N,N,,,N,,N,
2016.00,9,185374.00,1795240.00,PDSG,4627251932,430.00,518.00,1,,,,,,,N,N,L,5,,N,,N,
2016.00,9,185394.00,1794542.00,PDSG,44440C004D,2210.00,900.00,1,,,,,,,N,N,N,,,N,,N,
2016.00,9,185181.00,1792058.00,PDSG,46266E023C,402.00,508.00,1,,,,,,,N,N,R,5,,N,,N,
2016.00,9,185181.00,1792059.00,PDSG,470A624F24,700.00,610.00,1,,,,,,,N,N,N,,,N,,N,
2016.00,9,185211.00,1792687.00,PDSG,4900044E47,540.00,584.00,1,,,,,,,N,N,R,4,,N,,N,
2016.00,9,185180.00,1793261.00,PDSG,467C11295E,1994.00,854.00,1,,,,,,,N,N,N,,,N,,N,
2016.00,9,185180.00,1793262.00,PDSG,431B384572,3890.00,1025.00,1,,,,,,,N,N,N,,,N,,N,
2016.00,9,192535.00,1852281.00,PDSG,487F45665E,532.00,562.00,1,,,,,,,N,N,L,5,,N,,N,
2016.00,9,191542.00,1845006.00,PDSG,430F7B7349,1515.00,782.00,1,,,,,,,N,N,N,,,N,,N,
2016.00,9,191545.00,1845023.00,PDSG,430F72522A,2635.00,874.00,1,,,,,,,N,N,N,,V,Y,V,R,
2016.00,9,191547.00,1845034.00,PDSG,44455D304D,4120.00,1029.00,1,,,,,,,N,N,N,,,N,,N,
2016.00,9,191548.00,1845038.00,PDSG,6C00111865,2440.00,887.00,1,,,,,,,N,N,N,,V,Y,V,R,
2016.00,9,191548.00,1845039.00,PDSG,4329534421,1885.00,881.00,1,,,,,,,N,N,N,,,N,,N,
2016.00,9,191548.00,1845040.00,PDSG,43296C763B,1460.00,724.00,1,,,,,,,N,N,N,,,N,,N,
2016.00,9,192549.00,1852308.00,PDSG,4627546938,2144.00,865.00,1,,,,,,,N,N,N,,,N,,N,
2016.00,9,191549.00,1845043.00,PDSG,46275E5C4C,2435.00,915.00,1,,,,,,,N,N,N,,,N,,N,
2016.00,9,191551.00,1845053.00,PDSG,4349043C3B,3060.00,946.00,1,,,,,,,N,N,N,,V,Y,V,R,
2016.00,9,191554.00,1845063.00,PDSG,4323131D5F,3630.00,996.00,1,,,,,,,N,N,N,,,N,,N,
2016.00,9,191555.00,1845071.00,PDSG,4715490F0D,1400.00,754.00,1,,,,,,,N,N,N,,,N,,N,
2016.00,9,191556.00,1845076.00,PDSG,4423653559,3180.00,978.00,1,,,,,,,N,N,N,,,N,,N,
2016.00,9,191558.00,1845083.00,PDSG,431A140F51,2850.00,868.00,1,,,,,,,N,N,N,,,N,,N,
2016.00,9,191558.00,1845084.00,PDSG,471636755A,2535.00,887.00,1,,,,,,,N,N,N,,,N,,N,
2016.00,9,187760.00,1805550.00,SNSG,,20.00,185.00,,,,,,,,,,,,,,,,
2016.00,9,192123.00,1849251.00,SNSG,,,119.00,,,,,,,,,,,,,,,,
2016.00,9,192132.00,1849156.00,SNSG,,,133.00,,,,,,,,,,,,,,,,
2016.00,9,192126.00,1849320.00,SNSG,,8.00,132.00,,,,,,,,,,,,,,,,
2016.00,9,192131.00,1849493.00,SNSG,,,119.00,,,,,,,,,,,,,,,,
2016.00,9,188824.00,1814624.00,SNSG,,,29.00,,,,,,,,,,,,,,,,
2016.00,9,188826.00,1814637.00,SNSG,,,91.00,,,,,,,,,,,,,,,,
2016.00,9,191475.00,1843935.00,SNSG,,,161.00,,,,,,,,,,,,,,,,
2016.00,9,191534.00,1844965.00,PDSG,4703723D16,1155.00,692.00,1,,,,,,,N,N,N,,H,R,,N,
2016.00,9,191534.00,1844966.00,PDSG,4C3C4B4753,1455.00,734.00,1,,,,,,,N,N,N,,,N,,N,
2016.00,9,191534.00,1844967.00,PDSG,412C75796E,830.00,638.00,1,,,,,,,N,N,N,,,N,,N,
2016.00,9,191534.00,1844968.00,PDSG,4445331D7B,3015.00,934.00,1,,,,,,,N,N,N,,,N,,N,
2016.00,9,191536.00,1844970.00,PDSG,46275E5C4C,2515.00,922.00,1,,,,,,,N,N,N,,,N,,N,
2016.00,9,191536.00,1844971.00,PDSG,435D6D4515,2625.00,884.00,1,,,,,,,N,N,N,,,N,,N,
2016.00,9,191536.00,1844973.00,PDSG,44233B010F,2540.00,854.00,1,,,,,,,N,N,N,,V,Y,V,R,
2016.00,9,191537.00,1844979.00,PDSG,470C211C0D,2510.00,864.00,1,,,,,,,N,N,N,,,N,,N,
2016.00,9,191537.00,1844980.00,PDSG,412C3F3F68,2660.00,914.00,1,,,,,,,N,N,N,,,N,,N,
2016.00,9,191538.00,1844990.00,PDSG,430F586B15,2470.00,865.00,1,,,,,,,N,N,N,,,N,,N,
2016.00,9,191538.00,1844992.00,PDSG,4715661629,3885.00,1009.00,1,,,,,,,N,N,N,,,N,,N,
2016.00,9,191538.00,1844993.00,PDSG,4713380B32,1360.00,731.00,1,,,,,,,N,N,N,,,N,V,Y,
2016.00,9,193281.00,1855559.00,PDSG,4323140D5E,4096.00,1040.00,1,,,,,,,N,N,N,,,N,,N,
2016.00,9,193281.00,1855560.00,PDSG,4625391A65,2222.00,876.00,1,,,,,,,N,N,N,,,N,,N,
2016.00,9,193377.00,1855983.00,PDSG,44415E0A6D,2220.00,868.00,1,,,,,,,N,N,N,,,N,,N,
2016.00,9,193380.00,1855995.00,PDSG,4A472F7527,700.00,595.00,1,,,,,,,N,N,L,4,,N,,N,
2016.00,9,193399.00,1856086.00,PDSG,4A47094308,1090.00,720.00,1,,,,,,,N,N,N,,,N,,N,
2016.00,9,193061.00,1854519.00,PDSG,444363505B,3300.00,998.00,1,,,,,,,N,N,N,,,N,,N,
2016.00,9,193061.00,1854520.00,PDSG,4443167B0B,2510.00,916.00,1,,,,,,,N,N,N,,,N,,N,
2016.00,9,193431.00,1856273.00,PDSG,4704634440,2620.00,891.00,1,,,,,,,N,N,N,,H,Y,H,Y,
2016.00,9,193468.00,1856516.00,PDSG,4443273662,4000.00,1040.00,1,,,,,,,N,N,N,,,N,,N,
2016.00,9,193496.00,1856610.00,PDSG,4442066A5E,2140.00,860.00,1,,,,,,,N,N,N,,V,Y,V,R,
2016.00,9,193501.00,1856646.00,PDSG,44427C2546,450.00,515.00,1,,,,,,,N,N,N,,H,R,,N,
2016.00,9,193273.00,1855337.00,PDSG,46266E1076,1938.00,865.00,1,,,,,,,N,N,N,,,N,,N,
2016.00,9,193283.00,1855349.00,PDSG,444373635D,2418.00,910.00,1,,,,,,,N,N,N,,,N,,N,
2016.00,9,193283.00,1855350.00,PDSG,4424104B78,1876.00,853.00,1,,,,,,,N,N,N,,,N,H,Y,
2016.00,9,193287.00,1855471.00,PDSG,435D5A4511,3456.00,1000.00,1,,,,,,,N,N,N,,,N,,N,
2016.00,9,185091.00,1791878.00,PDSG,4348434520,4684.00,1046.00,1,,,,,,,N,N,N,,,N,,N,
2016.00,9,190058.00,1827360.00,SNSG,,,103.00,,,,,,,,N,N,N,,,N,,N,
2016.00,9,190060.00,1827380.00,SNSG,,,85.00,,,,,,,,N,N,N,,,N,,N,
2016.00,9,190067.00,1827407.00,SNSG,,,116.00,,,,,,,,N,N,N,,,N,,N,
2016.00,9,188898.00,1815835.00,SNSG,,,90.00,,,,,,,,,,,,,,,,
2016.00,9,188898.00,1815836.00,SNSG,,,86.00,,,,,,,,,,,,,,,,
2016.00,9,188898.00,1815837.00,SNSG,,,71.00,,,,,,,,,,,,,,,,
2016.00,9,188903.00,1815861.00,PDSG,44420C4B4E,1080.00,699.00,1,,,,,,,N,N,N,,H,Y,H,Y,
2016.00,9,188905.00,1815867.00,SNSG,,,83.00,,,,,,,,,,,,,,,,
2016.00,9,190285.00,1829422.00,SNSG,6C00112815,1670.00,711.00,,,,,,,,N,N,N,,,N,,N,
2016.00,9,193459.00,1856419.00,PDSG,47154E1F0C,1330.00,735.00,1,,,,,,,Y,N,N,,,N,V,P,
2016.00,9,185367.00,1794971.00,PDSG,4626052C05,808.00,652.00,1,,,,,,,N,N,N,,V,G,,N,
2016.00,9,193263.00,1855247.00,PDSG,4704127433,778.00,603.00,1,,,,,,,N,N,N,,,N,,N,
2016.00,9,193303.00,1855775.00,PDSG,46276D476B,2702.00,905.00,1,,,,,,,N,N,N,,,N,,N,
2016.00,9,193303.00,1855776.00,PDSG,47160E450B,4156.00,1053.00,1,,,,,,,N,N,N,,,N,,N,
2016.00,9,193249.00,1855137.00,PDSG,44427F6362,4058.00,1005.00,1,,,,,,,N,N,N,,,N,,N,
2016.00,9,193282.00,1855543.00,PDSG,48685B616A,2998.00,922.00,1,,,,,,,N,N,N,,,N,,N,
2016.00,9,193297.00,1855744.00,PDSG,46267D5F5B,2710.00,944.00,1,,,,,,,N,N,N,,,N,,N,
2016.00,9,193295.00,1855639.00,PDSG,44420B2D65,2508.00,882.00,1,,,,,,,N,N,N,,,N,,N,
2016.00,9,193313.00,1855790.00,PDSG,432408651A,3006.00,946.00,1,,,,,,,N,N,N,,,N,,N,
2016.00,9,193427.00,1856236.00,PDSG,4628231E11,1210.00,711.00,1,,,,,,,N,N,N,,H,R,,N,
2016.00,9,193427.00,1856237.00,PDSG,4702482A4A,1480.00,729.00,1,,,,,,,Y,N,N,,,N,V,P,
2016.00,9,185439.00,1794433.00,PDSG,470B137D07,2782.00,969.00,1,,,,,,,Y,N,N,,,N,,N,
2016.00,9,193429.00,1856271.00,PDSG,4442743E3E,2180.00,890.00,1,,,,,,,N,N,N,,,N,,N,
2016.00,9,193453.00,1856476.00,PDSG,44430D571C,1430.00,771.00,1,,,,,,,N,N,N,,,N,,N,
2016.00,9,193458.00,1856425.00,PDSG,46273E0255,3160.00,975.00,1,,,,,,,N,N,N,,,N,,N,
2016.00,9,193456.00,1856447.00,PDSG,4443052042,2730.00,957.00,1,,,,,,,N,N,N,,,N,,N,
2017.00,9,193559.00,1857445.00,PDSG,49004B6768,430.00,530.00,1,,,,,,,N,N,L,5,,N,,N,
2016.00,9,191281.00,1841772.00,SNSG,,,102.00,,,,,,,,N,N,N,,,N,,N,
2016.00,9,191281.00,1841781.00,SNSG,,10.00,129.00,,,,,,,,N,N,N,,,N,,N,
2016.00,9,183339.00,1778530.00,PDSG,4443077101,2145.00,875.00,1,,,,,,,N,N,N,,,N,,N,
2016.00,9,191498.00,1844786.00,SNSG,,,121.00,,,,,,,,N,N,N,,,N,,N,
2016.00,9,191500.00,1844794.00,SNSG,,,131.00,,,,,,,,N,N,N,,,N,,N,
2016.00,9,188246.00,1809322.00,SNSG,,,53.00,,,,,,,,,,,,,,,,
2016.00,9,188247.00,1809344.00,SNSG,,,36.00,,,,,,,,,,,,,,,,
2016.00,9,193391.00,1856027.00,PDSG,4310112466,3460.00,1000.00,1,,,,,,,N,N,N,,,N,,N,
2016.00,9,193391.00,1856028.00,PDSG,4443167B0B,2480.00,913.00,1,,,,,,,N,N,N,,,N,,N,
2017.00,9,193556.00,1857463.00,PDSG,462538724D,3490.00,1000.00,1,,,,,,,N,N,N,,,N,,N,
2017.00,9,193556.00,1857464.00,PDSG,4626147F6D,1900.00,814.00,1,,,,,,,N,N,N,,,N,,N,
2016.00,9,193252.00,1854917.00,PDSG,471A010738,884.00,654.00,1,,,,,,,N,N,R,5,H,G,,N,
2016.00,9,193240.00,1854958.00,PDSG,4313331478,3940.00,1000.00,1,,,,,,,N,N,N,,V,Y,V,R,
2016.00,9,193244.00,1854981.00,PDSG,43115C3571,2852.00,890.00,1,,,,,,,N,N,N,,,N,,N,
2016.00,9,193444.00,1856373.00,SNSG,6C00112811,1260.00,700.00,,,,,,,,N,N,N,,,N,,N,
2016.00,9,193445.00,1856380.00,PDSG,46275F4159,570.00,558.00,1,,,,,,,N,N,N,,,N,V,V,
2016.00,9,193448.00,1856393.00,PDSG,4441787B36,590.00,571.00,1,,,,,,,N,N,N,,H,P,,N,
2016.00,9,193449.00,1856405.00,PDSG,4A446A7074,710.00,620.00,1,,,,,,,N,N,L,5,,N,,N,
2016.00,9,193263.00,1855037.00,PDSG,47185E1F52,1630.00,807.00,1,,,,,,,N,N,N,,,N,H,P,
2016.00,9,193234.00,1855038.00,PDSG,47032D1576,3872.00,1000.00,1,,,,,,,N,N,N,,,N,,N,
2016.00,9,193474.00,1856575.00,PDSG,462654620D,2670.00,884.00,1,,,,,,,N,N,N,,,N,,N,
2016.00,9,193470.00,1856589.00,PDSG,44430D571C,1400.00,760.00,1,,,,,,,N,N,N,,,N,,N,
2016.00,9,193471.00,1856593.00,PDSG,46262E7F26,2430.00,894.00,1,,,,,,,N,N,N,,,N,,N,
2016.00,9,193473.00,1856598.00,PDSG,4443273662,3910.00,1040.00,1,,,,,,,N,N,N,,,N,,N,
2016.00,9,193250.00,1855150.00,PDSG,6C00032361,548.00,565.00,1,,,,,,,N,N,L,5,,N,,N,
2016.00,9,193259.00,1855158.00,PDSG,470A661373,878.00,635.00,1,,,,,,,N,N,N,,,N,,N,
2016.00,9,193243.00,1855173.00,PDSG,471A2F6D1B,3230.00,975.00,1,,,,,,,N,N,N,,,N,,N,
2016.00,9,193243.00,1855174.00,PDSG,470320170D,822.00,653.00,1,,,,,,,N,N,R,4,H,G,,N,
2016.00,9,193243.00,1855175.00,PDSG,4717136361,302.00,486.00,1,,,,,,,N,N,R,4,V,U,,N,
2016.00,9,193314.00,1855696.00,PDSG,46274A577D,1184.00,721.00,1,,,,,,,N,N,N,,,N,,N,
2016.00,9,193314.00,1855697.00,PDSG,46270C783F,880.00,655.00,1,,,,,,,N,N,R,4,V,G,,N,
2016.00,9,191536.00,1844972.00,PDSG,4442787D0B,1525.00,754.00,1,,,,,,,N,N,N,,,N,,N,
2016.00,9,191538.00,1844991.00,PDSG,4443155E42,2975.00,953.00,1,,,,,,,N,N,N,,V,Y,V,R,
2016.00,9,185275.00,1794203.00,PDSG,486A76013F,735.00,589.00,1,,,,,,,N,N,R,3,V,U,,N,
2016.00,9,185284.00,1794273.00,PDSG,4A4664A748,565.00,579.00,1,,,,,,,N,N,L,5,,N,,N,
2016.00,9,193300.00,1855757.00,PDSG,4628084740,1094.00,696.00,1,,,,,,,N,N,L,5,,N,,N,
2016.00,9,183417.00,1779555.00,PDSG,4628232D7B,3438.00,1021.00,1,,,,,,,N,N,N,,,N,,N,
2016.00,9,184992.00,1791147.00,PDSG,471A024506,410.00,506.00,1,,,,,,,N,N,N,,,N,V,Y,
2016.00,9,184565.00,1788090.00,PDSG,4704707735,635.00,595.00,1,,,,,,,N,N,N,,X,R,,N,
2016.00,9,184569.00,1788131.00,PDSG,4704663B17,820.00,640.00,1,,,,,,,N,N,N,,H,U,,N,
2016.00,9,184358.00,1786841.00,PDSG,6C00112761,510.00,557.00,1,,,,,,,N,N,N,,H,Y,,N,
2016.00,9,184428.00,1787202.00,PDSG,460D750513,2403.00,858.00,1,,,,,,,N,N,N,,,N,,N,
2016.00,9,184754.00,1789405.00,PDSG,44226D5B78,2050.00,861.00,1,,,,,,,N,N,N,,X,Y,,N,
2016.00,9,183937.00,1783113.00,PDSG,4900042C09,274.00,441.00,1,,,,,,,N,N,L,5,,N,,N,
2016.00,9,184831.00,1789984.00,PDSG,432B6C113B,1430.00,762.00,1,,,,,,,N,N,N,,,N,,N,
2016.00,9,183950.00,1783235.00,PDSG,462678731C,2167.00,854.00,1,,,,,,,N,N,N,,,N,,N,
2016.00,9,184615.00,1788429.00,PDSG,47051F307B,3610.00,997.00,1,,,,,,,N,N,N,,,N,,N,
2016.00,9,184871.00,1790207.00,PDSG,47036E5862,460.00,546.00,1,,,,,,,N,N,R,3,H,P,,N,
2016.00,9,183624.00,1781207.00,PDSG,4626783151,3450.00,989.00,1,,,,,,,N,N,N,,,N,,N,
2016.00,9,184378.00,1786976.00,PDSG,46277C247E,2330.00,892.00,1,,,,,,,N,N,N,,,N,,N,
2016.00,9,183559.00,1780673.00,PDSG,462546143F,525.00,562.00,1,,,,,,,N,N,R,3,,N,,N,
2016.00,9,183910.00,1782609.00,PDSG,46271B1A62,586.00,588.00,1,,,,,,,N,N,R,4,H,G,,N,
2016.00,9,184604.00,1788413.00,PDSG,4313587E22,2160.00,869.00,1,,,,,,,N,N,N,,,N,,N,
2017.00,9,194421.00,1865377.00,PDSG,4627251932,515.00,546.00,1,,,,,,,N,N,L,5,,N,,N,
2017.00,9,194421.00,1865378.00,PDSG,4442136561,2035.00,770.00,1,,,,,,,N,N,N,,H,Y,,N,
2017.00,9,194415.00,1865391.00,PDSG,471A1B7E05,2180.00,860.00,1,,,,,,,N,N,N,,,N,,N,
2017.00,9,194428.00,1865450.00,PDSG,6C00112759,710.00,576.00,1,,,,,,,N,N,N,,H,P,,N,
2017.00,9,195169.00,1871032.00,PDSG,467C046F72,90.00,343.00,1,M,,,,,,N,N,L,8,V,G,,N,
2017.00,9,194730.00,1867421.00,PDSG,460E320609,1830.00,799.00,1,,,,,,,N,N,N,,,N,,N,
2017.00,9,194732.00,1867441.00,PDSG,470505672D,520.00,542.00,1,,,,,,,N,N,R,3,,N,,N,
2017.00,9,194430.00,1865490.00,PDSG,461D686342,353.00,514.00,1,,,,,,,N,N,L,5,,N,,N,
2017.00,9,194430.00,1865491.00,PDSG,46265C7B41,417.00,569.00,1,,,,,,,N,N,N,,H,Y,,N,
2017.00,9,195180.00,1871093.00,PDSG,6C00112841,220.00,407.00,1,,,,,,,N,N,L,6,,N,,N,
2017.00,9,195166.00,1871113.00,PDSG,4705283B2E,110.00,350.00,1,,,,,,,N,N,L,8,V,G,,N,
2017.00,9,194737.00,1867491.00,PDSG,6C00112771,970.00,686.00,1,,,,,,,N,N,N,,,N,,N,
2017.00,9,194737.00,1867492.00,PDSG,6C00112828,500.00,530.00,1,,,,,,,N,N,R,3,H,P,,N,
2017.00,9,194737.00,1867493.00,PDSG,6C00112774,780.00,642.00,1,,,,,,,N,N,L,5,,N,,N,
2017.00,9,195168.00,1871147.00,PDSG,6C00112857,130.00,349.00,1,,,,,,,N,N,L,8,V,G,,N,
2017.00,9,195008.00,1870013.00,PDSG,46277A177F,530.00,541.00,1,,,,,,,N,Y,R,3,V,U,,N,
2017.00,9,195025.00,1870130.00,PDSG,46270A5011,460.00,535.00,1,,,,,,,N,N,R,4,V,U,,N,
2017.00,9,195024.00,1870136.00,PDSG,46276D164F,640.00,575.00,1,,,,,,,N,N,N,,,N,V,Y,
2017.00,9,195022.00,1870171.00,PDSG,44230D0959,1400.00,740.00,1,,,,,,,N,N,N,,,N,H,Y,
2017.00,9,195026.00,1870211.00,PDSG,4627114942,830.00,678.00,1,,,,,,,N,N,R,5,,N,,N,
2017.00,9,194763.00,1867762.00,PDSG,4704214268,2100.00,820.00,1,,,,,,,N,N,N,,,N,,N,
2017.00,9,194764.00,1867776.00,PDSG,434B722859,280.00,454.00,1,,,,,,,N,N,L,5,,N,,N,
2017.00,9,194707.00,1867258.00,PDSG,4626511A57,980.00,674.00,1,,,,,,,N,N,N,,,N,,N,
2017.00,9,194160.00,1863486.00,PDSG,490009347E,1078.00,688.00,1,,,,,,,N,N,L,4,,N,,N,
2017.00,9,194165.00,1863510.00,PDSG,44451A6D2B,1768.00,796.00,1,,,,,,,N,N,N,,H,R,,N,
2017.00,9,194767.00,1867870.00,PDSG,6C00112767,460.00,526.00,1,,,,,,,N,N,L,5,,N,,N,
2017.00,9,194894.00,1868753.00,PDSG,46265D5233,530.00,562.00,1,,,,,,,N,N,L,5,,N,,N,
2017.00,9,194892.00,1868768.00,PDSG,4626773440,580.00,599.00,1,,,,,,,N,N,R,4,V,G,,N,
2017.00,9,195152.00,1870937.00,PDSG,4714442F25,545.00,542.00,1,,,,,,,N,N,N,,,N,V,Y,
2017.00,9,195154.00,1870948.00,PDSG,470576392B,1320.00,751.00,1,,,,,,,N,N,N,,V,Y,V,R,
2017.00,9,194773.00,1867900.00,PDSG,4A4733644D,1330.00,691.00,1,,,,,,,N,N,N,,,N,,N,
2017.00,9,194773.00,1867901.00,PDSG,6C00112807,1020.00,665.00,1,,,,,,,N,N,N,,,N,,N,
2017.00,9,194769.00,1867739.00,PDSG,460E6D241B,1930.00,823.00,1,,,,,,,N,N,N,,,N,,N,
2017.00,9,194952.00,1869547.00,PDSG,4900501607,1220.00,718.00,1,,,,,,,N,N,L,3,,N,,N,
2017.00,9,194965.00,1869578.00,PDSG,48752F4C14,280.00,491.00,1,,,,,,,N,N,R,4,V,U,,N,
2017.00,9,194963.00,1869590.00,PDSG,4627070560,560.00,546.00,1,,,,,,,N,N,N,,,N,,N,
2017.00,9,194881.00,1868650.00,PDSG,44214E6439,1830.00,794.00,1,,,,,,,N,N,N,,H,Y,,N,
2017.00,9,195776.00,1875607.00,PDSG,4443554116,420.00,511.00,1,,,,,,,N,N,N,,X,P,,N,
2017.00,9,195773.00,1875624.00,PDSG,46264F354F,2100.00,824.00,1,,,,,,,N,N,N,,,N,,N,
2017.00,9,194901.00,1868842.00,PDSG,47157D1E27,810.00,664.00,1,,,,,,,N,N,R,4,V,G,,N,
2017.00,9,194900.00,1868853.00,PDSG,462729100C,3050.00,985.00,1,,,,,,,Y,N,N,,,N,,N,
2017.00,9,194899.00,1868865.00,PDSG,46266E4837,670.00,599.00,1,,,,,,,N,N,L,5,,N,,N,
2017.00,9,195110.00,1870686.00,PDSG,460E344873,2750.00,940.00,1,,,,,,,N,N,N,,,N,,N,
2017.00,9,194101.00,1862810.00,PDSG,470A661373,870.00,639.00,1,,,,,,,N,N,N,,,N,,N,genetics have been taken recently
2017.00,9,194934.00,1869245.00,PDSG,487E23484C,490.00,460.00,2,,,,,,,N,N,L,5,,N,,N,
2017.00,9,194407.00,1865335.00,PDSG,462709197E,3260.00,999.00,1,,,,,,,N,N,N,,,N,,N,
2017.00,9,194109.00,1862857.00,PDSG,44427F6362,4206.00,1015.00,1,,,,,,,N,N,N,,,N,,N,fish had fresh sutures from research tag being implanted
2017.00,9,195107.00,1870514.00,PDSG,4627272C11,400.00,488.00,1,,,,,,,N,N,N,,,N,,N,
2017.00,9,195104.00,1870548.00,PDSG,4868557F40,1740.00,790.00,1,,,,,,,N,N,N,,,N,,N,
2017.00,9,194701.00,1867165.00,PDSG,460D750513,2280.00,873.00,1,,,,,,,N,N,N,,,N,,N,
2017.00,9,194700.00,1867170.00,PDSG,4442034114,1990.00,806.00,1,,,,,,,N,N,N,,,N,,N,
2017.00,9,194699.00,1867182.00,PDSG,430F5B7F02,3360.00,962.00,1,,,,,,,N,N,N,,V,Y,V,R,
2017.00,9,195186.00,1871326.00,PDSG,462753172B,972.00,679.00,1,,,,,,,N,N,R,3,H,U,,N,
2017.00,9,195228.00,1872091.00,PDSG,4722285734,772.00,620.00,1,,,,,,,N,N,L,4,,N,,N,
2017.00,9,195228.00,1872092.00,PDSG,47191D5F5D,4314.00,1058.00,1,,,,,,,N,N,N,,,N,,N,
2017.00,9,195229.00,1872113.00,SNSG,4C3D000C5A,784.00,570.00,,,,,N,4729,R,,,,,,,,,
2017.00,9,195463.00,1873478.00,PDSG,4714695111,610.00,582.00,1,,,,,,,N,N,N,,H,R,,N,
2017.00,9,195464.00,1873485.00,PDSG,44451B466D,3345.00,980.00,1,,X,,,,,N,N,N,,V,Y,V,R,
2017.00,9,196248.00,1877284.00,PDSG,4704484F22,2952.00,947.00,1,,,,,,,N,N,N,,V,X,V,R,
2017.00,9,196248.00,1877285.00,PDSG,4443693D6E,2324.00,889.00,1,,,,,,,N,N,N,,,N,,N,
2017.00,9,196248.00,1877286.00,PDSG,432E111E1D,1980.00,806.00,1,,,,,,,N,N,N,,,N,,N,
2017.00,9,196248.00,1877287.00,PDSG,43115C3571,2868.00,898.00,1,,,,,,,N,N,N,,,N,,N,
2017.00,9,196248.00,1877288.00,PDSG,486B01297B,792.00,617.00,1,,,,,,,N,N,N,,,N,,N,
2017.00,9,195191.00,1871367.00,PDSG,4369627915,2170.00,835.00,1,,X,,,,,N,N,N,,V,Y,,N,
2017.00,9,195470.00,1873510.00,PDSG,46277F7E78,2795.00,956.00,1,,,,,,,N,N,N,,,N,,N,
2017.00,9,195235.00,1872175.00,PDSG,4627155A27,954.00,653.00,1,,,,,,,N,N,R,4,V,U,,N,
2017.00,9,195240.00,1872214.00,PDSG,47161C0357,2768.00,922.00,1,,,,,,,N,N,N,,,N,,N,
2017.00,9,195482.00,1873699.00,PDSG,487F075D74,760.00,647.00,1,,,,,,,N,N,L,5,,N,,N,
2017.00,9,195484.00,1873706.00,PDSG,4626581E0E,2065.00,886.00,1,,,,,,,N,N,N,,,N,,N,
2017.00,9,195484.00,1873707.00,PDSG,412C233220,4900.00,1100.00,1,,,,,,,N,N,N,,,N,,N,
2017.00,9,195404.00,1873730.00,PDSG,4443155E42,3140.00,957.00,1,,,,,,,N,N,N,,V,Y,V,R,
2017.00,9,195428.00,1873735.00,PDSG,434B6D172B,640.00,580.00,1,,,,,,,N,N,R,4,V,G,,N,
2017.00,9,195218.00,1871507.00,PDSG,4443083E1B,2922.00,957.00,1,,,,,,,N,N,N,,V,Y,V,R,
2017.00,9,195506.00,1873754.00,PDSG,487E5E3B0A,510.00,544.00,1,,,,,,,N,N,L,5,,N,,N,
2017.00,9,195243.00,1871546.00,PDSG,4625602941,144.00,390.00,1,,,,,,,N,N,L,7,V,P,,N,
2017.00,9,195407.00,1873799.00,PDSG,434A703062,535.00,560.00,1,,,,,,,N,N,R,5,H,U,,N,
2017.00,9,195194.00,1871619.00,SNSG,4B21774B09,664.00,583.00,,,,,N,239,M,,,,,,,,,
2017.00,9,195194.00,1871620.00,SNSG,6C00002418,680.00,595.00,,,,,N,2276,M,,,,,,,,,6c00002418
2017.00,9,195195.00,1871624.00,PDSG,46260D4779,2408.00,868.00,1,,,,,,,N,N,N,,,N,H,R,
2017.00,9,195413.00,1873000.00,PDSG,4719211C13,395.00,498.00,1,,,,,,,N,N,L,7,,N,,N,
2017.00,9,193737.00,1860048.00,PDSG,43216A2E1B,2950.00,975.00,1,,,,,,,N,N,N,,,N,,N,
2017.00,9,195195.00,1871641.00,SNSG,4C3C03252B,738.00,609.00,,,,,N,4462,R,,,,,,,,,
2017.00,9,193738.00,1860083.00,PDSG,4626513A54,2560.00,875.00,1,,,,,,,N,N,N,,,N,,N,
2017.00,9,195196.00,1871692.00,PDSG,435F151E79,3158.00,970.00,1,,,,,,,N,N,N,,,N,,N,
2017.00,9,195196.00,1871705.00,SNSG,4C3C5C327D,676.00,565.00,,,,,N,4449,R,,,,,,,,,
2017.00,9,195197.00,1871720.00,PDSG,46274F3A60,2740.00,884.00,1,,,,,,,N,N,N,,,N,,N,
2017.00,9,195500.00,1873083.00,PDSG,47045B4913,540.00,559.00,1,,,,,,,N,N,R,4,,N,,N,
2017.00,9,195432.00,1873099.00,PDSG,471467512D,455.00,528.00,1,,,,,,,N,N,R,5,H,U,,N,
2017.00,9,195221.00,1871751.00,SNSG,4C3B69013B,538.00,544.00,,,,,N,4436,R,,,,,,,,,
2017.00,9,195250.00,1871777.00,PDSG,467C00620E,2694.00,925.00,1,,,,,,,N,N,N,,,N,,N,
2017.00,9,195511.00,1873110.00,PDSG,47163E2033,3170.00,954.00,1,,,,,,,N,N,N,,,N,,N,
2017.00,9,195433.00,1873126.00,PDSG,471A00493D,955.00,628.00,1,,,,,,,N,N,N,,H,P,,N,
2017.00,9,195434.00,1873132.00,PDSG,432E004533,870.00,631.00,1,,X,,,,,N,N,N,,,N,,N,
2017.00,9,195502.00,1873140.00,PDSG,47184E477F,715.00,604.00,1,,,,,,,N,N,N,,,N,,N,
2017.00,9,195505.00,1873160.00,PDSG,4717395721,440.00,520.00,1,,,,,,,N,N,L,5,,N,,N,
2017.00,9,195505.00,1873161.00,PDSG,487E750970,485.00,529.00,1,,,,,,,N,N,L,5,,N,,N,
2017.00,9,195418.00,1873167.00,PDSG,487F362559,535.00,558.00,1,,,,,,,N,N,L,4,,N,,N,
2017.00,9,194155.00,1863460.00,PDSG,46277B6F29,2444.00,900.00,1,,,,,,,N,N,N,,,N,,N,
2017.00,9,194170.00,1863524.00,PDSG,460E420427,2456.00,874.00,1,,,,,,,N,N,N,,,N,V,P,
2017.00,9,194172.00,1863529.00,PDSG,487F623E77,918.00,647.00,1,,,,,,,N,N,L,4,,N,,N,database says L3 but L4 is removed
2017.00,9,195283.00,1871840.00,SNSG,4C3D066300,790.00,596.00,,,,,N,1388,R,,,,,,,,,
2017.00,9,195285.00,1871843.00,PDSG,412C37665D,3668.00,1052.00,1,,,,,,,N,N,N,,,N,,N,
2017.00,9,195439.00,1873221.00,PDSG,471520077E,400.00,510.00,1,,,,,,,N,N,R,4,V,U,,N,
2017.00,9,195443.00,1873283.00,PDSG,4627524950,3250.00,966.00,1,,,,,,,N,N,N,,,N,,N,
2017.00,9,195446.00,1873323.00,PDSG,4626581E0E,2385.00,886.00,1,,,,,,,N,N,N,,,N,,N,
2017.00,9,195447.00,1873339.00,PDSG,47133F0B4D,30.00,270.00,1,,,,,,,N,N,L,8,V,U,,N,
2017.00,9,194998.00,1869921.00,PDSG,4627463568,2630.00,859.00,1,,,,,,,N,N,N,,,N,,N,
2017.00,9,194998.00,1869922.00,PDSG,462764734F,2190.00,850.00,1,,,,,,,N,N,N,,,N,,N,
2017.00,9,195188.00,1871238.00,PDSG,46271E7B23,1964.00,824.00,1,,,,,,,N,N,N,,,N,,N,
2017.00,9,195188.00,1871239.00,SNSG,0A1366627C,506.00,509.00,,,,,N,3435,R,,,,,,,,,
2017.00,9,195227.00,1871992.00,PDSG,4627061C6F,2740.00,925.00,1,,,,,,,N,N,N,,,N,,N,
2017.00,9,195450.00,1873357.00,PDSG,4719016751,815.00,640.00,1,,,,,,,N,N,L,6,V,P,,N,
2017.00,9,195453.00,1873393.00,PDSG,436160355D,1590.00,785.00,1,,,,,,,N,N,N,,,N,,N,
2017.00,9,194842.00,1868405.00,PDSG,48770B6F6C,1090.00,673.00,1,,,,,,,Y,N,N,,,N,X,P,
2017.00,9,195034.00,1870226.00,PDSG,46265D5233,530.00,560.00,1,,,,,,,N,N,L,5,,N,,N,
2017.00,9,195211.00,1871247.00,PDSG,487D625305,1028.00,680.00,1,,,,,,,N,N,L,5,,N,,N,
2017.00,9,195212.00,1871261.00,PDSG,462777774A,554.00,665.00,1,,,,,,,N,N,R,4,,N,,N,
2017.00,9,195458.00,1873437.00,PDSG,4626581E0E,2330.00,887.00,1,,,,,,,N,N,N,,,N,,N,
2017.00,9,194846.00,1868455.00,PDSG,6C00112742,4540.00,1052.00,1,,,,,,,N,N,N,,,N,,N,
2017.00,9,195366.00,1872812.00,PDSG,4626773563,2400.00,880.00,1,,,,,,,N,N,N,,,N,,N,
2017.00,9,195368.00,1872823.00,PDSG,4626692363,428.00,515.00,1,,,,,,,N,N,R,4,V,U,,N,
2017.00,9,195369.00,1872827.00,PDSG,4626697F38,542.00,606.00,1,,,,,,,N,N,N,,H,Y,V,V,
2017.00,9,195369.00,1872828.00,PDSG,462750002B,3990.00,1042.00,1,,,,,,,N,N,N,,,N,,N,
2017.00,9,195371.00,1872846.00,PDSG,4627156C74,2768.00,940.00,1,,,,,,,N,N,N,,,N,,N,
2017.00,9,195371.00,1872847.00,PDSG,430F777843,3860.00,1042.00,1,,,,,,,N,N,N,,,N,,N,
2017.00,9,195392.00,1872853.00,PDSG,412C242F5E,1080.00,681.00,1,,,,,,,Y,N,N,,X,R,,N,
2017.00,9,195582.00,1874253.00,PDSG,4627683C26,695.00,619.00,1,,,,,,,N,N,L,5,,N,,N,
2017.00,9,194308.00,1864383.00,PDSG,4627763C76,840.00,660.00,1,,,,,,,N,N,R,5,X,U,,N,
2017.00,9,195682.00,1875115.00,PDSG,4718466860,1225.00,718.00,1,,,,,,,N,N,N,,,N,,N,
2017.00,9,194717.00,1867347.00,PDSG,6C00112820,1000.00,627.00,1,,,,,,,N,N,R,3,H,U,,N,
2017.00,9,195395.00,1872860.00,PDSG,44427F584E,2850.00,903.00,1,,,,,,,N,N,N,,,N,,N,
2017.00,9,195396.00,1872877.00,SNSG,0A13666360,900.00,640.00,,,,,N,4297,R,,,,,,,,,
2017.00,9,195397.00,1872880.00,PDSG,487E267E07,418.00,541.00,1,,,,,,,N,N,L,5,,N,,N,
2017.00,9,195397.00,1872881.00,PDSG,4704127433,824.00,610.00,1,,,,,,,N,N,N,,,N,,N,pectoral fin ray already been taken
2017.00,9,195397.00,1872882.00,PDSG,444309355E,1446.00,755.00,1,,,,,,,N,N,N,,V,Y,V,R,
2017.00,9,195523.00,1874291.00,PDSG,47157F767C,1230.00,725.00,1,,,,,,,N,N,N,,,N,,N,
2017.00,9,195130.00,1870832.00,PDSG,4442066A5E,2160.00,866.00,1,,,,,,,N,N,N,,V,Y,V,R,
2017.00,9,195133.00,1870839.00,PDSG,4442721E56,1600.00,763.00,1,,,,,,,N,N,N,,V,Y,V,R,
2017.00,9,195143.00,1870885.00,PDSG,486B070D09,850.00,665.00,1,,,,,,,N,N,N,,,N,,N,
2017.00,9,194782.00,1867925.00,PDSG,44256D601B,2970.00,943.00,1,,,,,,,N,N,N,,,N,,N,
2017.00,9,195315.00,1872291.00,PDSG,487E691C00,676.00,608.00,1,,,,,,,N,N,L,5,,N,,N,
2017.00,9,195318.00,1872298.00,PDSG,4626583146,428.00,529.00,1,,,,,,,N,N,N,,H,P,,N,
2017.00,9,195294.00,1872906.00,PDSG,48685D1608,3234.00,975.00,1,,,,,,,N,N,N,,,N,,N,
2017.00,9,195295.00,1872916.00,PDSG,4627152F1A,3690.00,1000.00,1,,,,,,,N,N,N,,,N,,N,
2017.00,9,195298.00,1872931.00,PDSG,47163F3D26,3288.00,945.00,1,,,,,,,N,N,N,,,N,,N,
2017.00,9,194537.00,1866390.00,PDSG,4627197239,490.00,530.00,1,,,,,,,N,N,N,,X,Y,V,V,
2017.00,9,194538.00,1866393.00,PDSG,46264E176C,590.00,566.00,1,,,,,,,N,N,R,3,H,P,,N,
2017.00,9,194538.00,1866394.00,PDSG,4254511E6D,710.00,583.00,1,,,,,,,N,N,N,,V,U,X,G,
2017.00,9,194753.00,1867582.00,PDSG,490030317F,440.00,530.00,1,,,,,,,N,N,L,5,,N,,N,
2017.00,9,195329.00,1872330.00,PDSG,412C646B5C,2656.00,906.00,1,,,,,,,N,N,N,,V,Y,V,R,
2017.00,9,195528.00,1874368.00,PDSG,44441F5261,1445.00,778.00,1,,,,,,,N,N,N,,,N,,N,
2017.00,9,195528.00,1874369.00,PDSG,4349020B20,3050.00,1028.00,1,,,,,,,N,N,N,,,N,,N,
2017.00,9,194727.00,1867412.00,PDSG,6C00112858,2160.00,848.00,1,,,,,,,N,N,N,,,N,,N,
2017.00,9,194443.00,1865653.00,PDSG,435D647D6D,976.00,654.00,1,,,,,,,N,N,N,,,N,,N,
2017.00,9,195299.00,1872373.00,PDSG,4A46641748,758.00,607.00,1,,,,,,,N,N,L,5,,N,,N,
2017.00,9,195300.00,1872389.00,SNSG,4C3D000C5A,754.00,582.00,,,,,N,4729,R,,,,,,,,,
2017.00,9,195565.00,1873868.00,PDSG,43496F3116,680.00,625.00,1,,,,,,,N,N,R,4,V,G,,N,
2017.00,9,194742.00,1867537.00,PDSG,46271B1A62,570.00,579.00,1,,,,,,,N,N,R,4,H,G,,N,
2017.00,9,194784.00,1868033.00,PDSG,4618571A48,1780.00,853.00,1,,,,,,,N,N,N,,,N,,N,
2017.00,9,195375.00,1872450.00,PDSG,4626772F6F,490.00,595.00,1,,,,,,,N,N,N,,H,Y,V,V,
2017.00,9,193860.00,1860847.00,PDSG,462708423C,840.00,637.00,1,,,,,,,N,N,L,6,V,O,,N,
2017.00,9,195602.00,1874468.00,PDSG,47157F767C,1180.00,721.00,1,,,,,,,N,N,N,,,N,,N,
2017.00,9,195607.00,1874487.00,PDSG,47155E5937,1545.00,760.00,1,,,,,,,N,N,N,,,N,,N,
2017.00,9,195609.00,1874500.00,PDSG,471553297C,470.00,539.00,1,,,,,,,N,N,R,4,V,U,,N,
2017.00,9,195615.00,1874525.00,PDSG,4713130173,1460.00,771.00,1,,,,,,,N,N,N,,H,R,,N,
2017.00,9,194756.00,1867676.00,PDSG,487F490D2E,410.00,521.00,1,,,,,,,N,N,L,5,,N,,N,
2017.00,9,195664.00,1874924.00,PDSG,44235B7567,2650.00,966.00,1,,,,,,,N,N,N,,,N,,N,
2017.00,9,194985.00,1869764.00,PDSG,4443167B0B,2550.00,920.00,1,,,,,,,N,N,N,,,N,,N,
2017.00,9,193862.00,1860914.00,PDSG,4628020004,930.00,658.00,1,,,,,,,N,N,N,,,N,,N,
2017.00,9,193864.00,1860928.00,PDSG,46277F2223,1510.00,710.00,1,,,,,,,N,N,N,,H,Y,,N,
2017.00,9,195336.00,1872509.00,PDSG,46264C5368,3228.00,950.00,1,,,,,,,N,N,N,,,N,,N,
2017.00,9,195598.00,1874646.00,PDSG,46273D1555,990.00,674.00,1,,,,,,,N,N,R,4,H,G,,N,
2017.00,9,194835.00,1868354.00,PDSG,47036D5057,710.00,603.00,1,,,,,,,N,N,N,,H,R,,N,
2017.00,9,194981.00,1869665.00,PDSG,46271A083C,1670.00,821.00,1,,,,,,,N,N,N,,,N,,N,
2017.00,9,194979.00,1869695.00,PDSG,4627114942,820.00,677.00,1,,,,,,,N,N,R,5,,N,,N,
2017.00,9,195337.00,1872521.00,PDSG,4627273324,2662.00,923.00,1,,,,,,,N,N,N,,,N,,N,
2017.00,9,195338.00,1872533.00,PDSG,4626697F38,558.00,606.00,1,,,,,,,N,N,N,,H,Y,V,V,
2017.00,9,195378.00,1872541.00,PDSG,432A191F35,2854.00,937.00,1,,,,,,,N,N,N,,,N,,N,
2017.00,9,195378.00,1872542.00,PDSG,48643A7120,4364.00,1049.00,1,,,,,,,N,N,N,,,N,,N,
2017.00,9,195561.00,1873961.00,PDSG,4426150328,2435.00,867.00,1,,,,,,,N,N,N,,,N,V,Y,
2017.00,9,195516.00,1874684.00,PDSG,4875255C5A,3515.00,940.00,1,,,,,,,N,N,N,,,N,,N,
2017.00,9,194975.00,1869734.00,PDSG,4719256C1B,260.00,471.00,1,,,,,,,N,N,N,,V,U,,N,
2017.00,9,195380.00,1872562.00,PDSG,4716224B2F,2908.00,957.00,1,,,,,,,N,N,N,,,N,,N,
2017.00,9,195305.00,1872606.00,PDSG,462640060D,86.00,320.00,1,,,,,,,N,N,L,8,V,U,,N,
2017.00,9,195563.00,1873983.00,PDSG,4627017870,4055.00,1035.00,1,,,,,,,N,N,N,,,N,,N,Malfunctioning PIT tag detected with CWT reader
2017.00,9,195533.00,1874020.00,PDSG,4625334103,140.00,320.00,1,,,,,,,N,N,L,8,V,U,,N,"""Scute # was L-9"
2017.00,9,195537.00,1874723.00,PDSG,4713130173,1535.00,772.00,1,,,,,,,N,N,N,,H,R,,N,
2017.00,9,194615.00,1866849.00,PDSG,44434E124E,800.00,635.00,1,,,,,,,N,U,N,,X,P,,N,
2017.00,9,194616.00,1866852.00,PDSG,46274E2656,1480.00,731.00,1,,,,,,,N,N,N,,,N,,N,
2017.00,9,194073.00,1862502.00,PDSG,4716200C3C,3462.00,993.00,1,,,,,,,N,N,N,,,N,,N,
2017.00,9,195306.00,1872613.00,PDSG,,552.00,560.00,1,,,,,,,N,N,N,,,N,,N,
2017.00,9,195308.00,1872624.00,PDSG,44430B5F31,2224.00,865.00,1,,,,,,,N,N,N,,,N,,N,
2017.00,9,195401.00,1872649.00,PDSG,436160355D,1626.00,792.00,1,,,,,,,N,N,N,,,N,,N,
2017.00,9,195292.00,1872656.00,PDSG,4627652F00,868.00,610.00,1,,,,,,,N,N,R,3,V,Y,,N,
2017.00,9,195292.00,1872657.00,PDSG,46272D1F4B,2810.00,920.00,1,,,,,,,N,N,N,,,N,,N,
2017.00,9,195534.00,1874029.00,PDSG,465B304E16,2150.00,855.00,1,,,,,,,N,N,N,,,N,,N,
2017.00,9,195536.00,1874039.00,PDSG,48686D481C,405.00,521.00,1,,,,,,,N,N,R,4,V,U,,N,
2017.00,9,195543.00,1874068.00,PDSG,46257F3630,2860.00,965.00,1,,,,,,,N,N,N,,,N,,N,
2017.00,9,194908.00,1868924.00,PDSG,4704491A08,1550.00,753.00,1,,,,,,,N,N,N,,,N,,N,
2017.00,9,194908.00,1868926.00,SNSG,4704314876,920.00,621.00,,,,,M,36764,M,N,N,N,,,N,,N,
2017.00,9,194911.00,1868960.00,PDSG,460E344873,2750.00,951.00,1,,,,,,,N,N,N,,,N,,N,
2017.00,9,194338.00,1864674.00,SNSG,0A1366625D,950.00,626.00,,,,,N,4516,R,N,N,N,,,N,,N,
2017.00,9,195293.00,1872663.00,PDSG,6C00112148,802.00,652.00,1,,,,,,,N,N,R,5,V,G,,N,
2017.00,9,195309.00,1872673.00,PDSG,46264F2412,644.00,571.00,1,,,,,,,N,N,N,,H,P,,N,
2017.00,9,195341.00,1872682.00,PDSG,432B6F614C,1680.00,772.00,1,,,,,,,N,N,N,,,N,,N,
2017.00,9,195353.00,1872689.00,PDSG,46265A4840,978.00,696.00,1,,,,,,,N,N,L,5,,N,,N,
2017.00,9,195353.00,1872690.00,PDSG,487E661F3F,1260.00,735.00,1,,,,,,,N,N,L,5,,N,,N,
2017.00,9,194183.00,1863541.00,PDSG,6C00030051,366.00,507.00,1,,,,,,,N,N,L,5,,N,,N,
2017.00,9,194184.00,1863551.00,PDSG,4900523D32,802.00,604.00,1,,,,,,,N,N,L,4,,N,,N,
2017.00,9,194184.00,1863552.00,PDSG,471A1B7E05,2186.00,860.00,1,,,,,,,N,N,N,,,N,,N,
2017.00,9,194189.00,1863573.00,PDSG,4442136561,2048.00,760.00,1,,,,,,,N,N,N,,,N,,N,
2017.00,9,194189.00,1863574.00,PDSG,43133E0936,2188.00,850.00,1,,,,,,,N,N,N,,V,Y,V,R,
2017.00,9,195569.00,1874124.00,PDSG,4627251932,470.00,549.00,1,,,,,,,N,N,L,5,,N,,N,
2017.00,9,195571.00,1874129.00,PDSG,4626052C05,915.00,673.00,1,,,,,,,N,N,N,,V,G,,N,
2017.00,9,195572.00,1874135.00,PDSG,4A48424308,565.00,584.00,1,,,,,,,N,N,L,5,,N,,N,
2017.00,9,195573.00,1874145.00,PDSG,4626482912,560.00,560.00,1,,,,,,,N,N,R,3,V,R,,N,
2017.00,9,195576.00,1874166.00,PDSG,487E665623,760.00,635.00,1,,,,,,,N,N,L,5,,N,,N,
2017.00,9,195391.00,1872803.00,PDSG,461D653F56,2932.00,933.00,1,,,,,,,N,N,N,,,N,,N,
2017.00,9,195391.00,1872804.00,PDSG,47131D214C,3370.00,979.00,1,,,,,,,N,N,N,,,N,,N,
2017.00,9,194942.00,1869450.00,PDSG,44270C2912,1740.00,845.00,1,,,,,,,N,N,N,,,N,H,Y,
2016.00,10,182941.00,1772130.00,PDSG,444330405B,3002.00,955.00,1,,,,,,,N,N,N,,,N,,N,
2016.00,10,183359.00,1778683.00,PDSG,470A6E150A,1003.00,711.00,1,,,,,,,N,N,N,,,N,,N,
2016.00,10,183359.00,1778684.00,PDSG,470439447D,2274.00,886.00,1,,,,,,,N,N,N,,V,Y,V,R,
2016.00,10,183342.00,1778694.00,PDSG,4707285246,684.00,639.00,1,,,,,,,N,N,R,4,,N,,N,
2016.00,10,183761.00,1781721.00,PDSG,470C323740,2450.00,889.00,1,,,,,,,N,N,N,,,N,,N,
2016.00,10,187463.00,1804402.00,SNSG,,60.00,185.00,,,,,,,,,,,,,,,,
2016.00,10,185474.00,1795461.00,PDSG,4369492F0F,1490.00,772.00,1,,,,,,,N,N,N,,V,Y,V,R,
2016.00,10,184181.00,1785764.00,PDSG,47075E2841,700.00,612.00,1,,,,,,,N,N,L,7,,N,,N,
2016.00,10,183880.00,1782342.00,PDSG,47040D0F22,1380.00,766.00,1,,X,,,,,N,N,N,,,N,,N,
2016.00,10,185478.00,1795528.00,PDSG,47075E2841,690.00,608.00,1,,,,,,,N,N,L,7,,N,,N,
2016.00,10,184275.00,1786246.00,PDSG,4704691643,1160.00,686.00,1,,,,,,,N,N,N,,,N,,N,
2016.00,10,183681.00,1781540.00,PDSG,43133A4608,1807.00,825.00,1,,,,,,,N,N,N,,V,Y,V,R,
2016.00,10,185739.00,1796405.00,PDSG,4703700073,500.00,548.00,1,,,,,,,N,N,L,6,,N,,N,
2016.00,10,189009.00,1816448.00,SNSG,,,96.00,,,,,,,,,,,,,,,,
2016.00,10,187738.00,1805480.00,SNSG,,,41.00,,,,,,,,,,,,,,,,
2016.00,10,188559.00,1811387.00,SNSG,,,39.00,,,,,,,,,,,,,,,,
2016.00,10,188560.00,1811553.00,SNSG,,,58.00,,,,,,,,,,,,,,,,
2016.00,10,188456.00,1810319.00,SNSG,,,70.00,,,,,,,,,,,,,,,,
2016.00,10,188459.00,1810359.00,SNSG,,,44.00,,,,,,,,,,,,,,,,
2016.00,10,188459.00,1810360.00,SNSG,,,67.00,,,,,,,,,,,,,,,,
2016.00,10,188459.00,1810361.00,SNSG,,,53.00,,,,,,,,,,,,,,,,
2016.00,10,188460.00,1810367.00,SNSG,,,62.00,,,,,,,,,,,,,,,,
2016.00,10,192829.00,1853796.00,PDSG,4705756D45,1150.00,693.00,1,,,,,,,N,N,N,,H,Y,,N,
2016.00,10,188422.00,1810015.00,SNSG,,,55.00,,,,,,,,,,,,,,,,
2016.00,10,188424.00,1810115.00,SNSG,,,59.00,,,,,,,,,,,,,,,,
2016.00,10,188424.00,1810116.00,SNSG,,,65.00,,,,,,,,,,,,,,,,
2016.00,10,188427.00,1810132.00,SNSG,,,63.00,,,,,,,,,,,,,,,,
2016.00,10,188427.00,1810133.00,SNSG,,,85.00,,,,,,,,,,,,,,,,
2016.00,10,188428.00,1810141.00,SNSG,,,72.00,,,,,,,,,,,,,,,,
2016.00,10,191730.00,1845740.00,SNSG,,,97.00,,,,,,,,,,,,,,,,
2016.00,10,191730.00,1845741.00,SNSG,,,112.00,,,,,,,,,,,,,,,,
2016.00,10,191731.00,1845750.00,SNSG,,,42.00,,,,,,,,,,,,,,,,
2016.00,10,191731.00,1845751.00,SNSG,,,42.00,,,,,,,,,,,,,,,,
2016.00,10,191738.00,1845764.00,SNSG,,,42.00,,,,,,,,,,,,,,,,
2016.00,10,191724.00,1845778.00,SNSG,,,118.00,,,,,,,,,,,,,,,,
2016.00,10,191724.00,1845779.00,SNSG,,,49.00,,,,,,,,,,,,,,,,
2016.00,10,191724.00,1845780.00,SNSG,,,50.00,,,,,,,,,,,,,,,,
2016.00,10,191733.00,1845794.00,SNSG,,,30.00,,,,,,,,,,,,,,,,
2016.00,10,191737.00,1845818.00,SNSG,,,86.00,,,,,,,,,,,,,,,,
2016.00,10,191737.00,1845819.00,SNSG,,,47.00,,,,,,,,,,,,,,,,
2016.00,10,191737.00,1845820.00,SNSG,,,50.00,,,,,,,,,,,,,,,,
2016.00,10,187674.00,1805218.00,SNSG,,,87.00,,,,,,,,,,,,,,,,
2016.00,10,188997.00,1816387.00,SNSG,,,90.00,,,,,,,,,,,,,,,,
2016.00,10,188997.00,1816388.00,SNSG,,,75.00,,,,,,,,,,,,,,,,
2016.00,10,189001.00,1816406.00,PDSG,470373741E,90.00,322.00,1,,,,,,,N,N,R,8,H,G,,N,
2016.00,10,189003.00,1816415.00,SNSG,,,68.00,,,,,,,,,,,,,,,,
2016.00,10,189009.00,1816447.00,SNSG,,,94.00,,,,,,,,,,,,,,,,
2016.00,10,193139.00,1854717.00,PDSG,47042C2B38,2090.00,859.00,1,,,,,,,N,N,N,,,N,H,Y,
2016.00,10,193140.00,1854722.00,PDSG,4704125727,990.00,660.00,1,,,,,,,N,N,N,,,N,,N,
2017.00,10,193634.00,1857725.00,PDSG,6C00116723,350.00,520.00,1,,,,,,,N,N,L,6,,N,,N,
2016.00,10,182941.00,1772131.00,PDSG,471534482C,1873.00,820.00,1,,,,,,,N,N,N,,,N,,N,
2016.00,10,187461.00,1804382.00,SNSG,,10.00,140.00,,,,,,,,,,,,,,,,
2017.00,10,195810.00,1876025.00,PDSG,6C00112826,430.00,526.00,1,,,,,,,N,N,R,3,H,U,,N,
2017.00,10,193938.00,1861305.00,PDSG,4705740E3C,2130.00,895.00,1,,,,,,,N,N,N,,,N,,N,
2017.00,10,197485.00,1881678.00,USG,,,24.00,,,,,,,,,,,,,,,,
2017.00,10,197486.00,1881692.00,USG,,,25.00,,,,,,,,,,,,,,,,
2017.00,10,194251.00,1863846.00,PDSG,4704071213,3220.00,957.00,1,,,,,,,N,N,N,,,N,,N,
2017.00,10,194595.00,1866769.00,PDSG,432C27714B,700.00,602.00,1,,,,,,,N,N,N,,,N,,N,
2017.00,10,194606.00,1866827.00,PDSG,4704135507,370.00,523.00,1,,,,,,,N,N,N,,,N,V,Y,
2017.00,10,194383.00,1865140.00,PDSG,4706037026,900.00,621.00,1,,,,,,,N,N,N,,,N,,N,
2017.00,10,194375.00,1865157.00,PDSG,470C370B79,860.00,600.00,1,,,,,,,N,N,N,,H,P,,N,
2016.00,11,184084.00,1784667.00,PDSG,4707635C6B,2230.00,862.00,1,,,,,,,N,N,N,,,N,,N,
2016.00,11,188701.00,1813884.00,SNSG,,,65.00,,,,,,,,,,,,,,,,
2016.00,11,188707.00,1813971.00,SNSG,,,78.00,,,,,,,,,,,,,,,,
2016.00,11,188699.00,1814008.00,SNSG,,,80.00,,,,,,,,,,,,,,,,
2016.00,11,188699.00,1814009.00,SNSG,,,131.00,,,,,,,,,,,,,,,,
2016.00,11,188699.00,1814010.00,SNSG,,,87.00,,,,,,,,,,,,,,,,
2016.00,11,188699.00,1814011.00,SNSG,,,79.00,,,,,,,,,,,,,,,,
2016.00,11,188699.00,1814012.00,SNSG,,,59.00,,,,,,,,,,,,,,,,
2016.00,11,188699.00,1814013.00,SNSG,,,61.00,,,,,,,,,,,,,,,,
2016.00,11,190292.00,1829700.00,SNSG,,,116.00,,,,,,,,,,,,,,,,
2017.00,11,197244.00,1880840.00,USG,,,150.00,,,,,,,,N,N,N,,,N,,N,
2017.00,11,194499.00,1865894.00,PDSG,4627480529,1520.00,785.00,1,,,,,,,N,N,N,,,N,,N,
2017.00,22,196147.00,1876998.00,PDSG,4704550E5B,14000.00,1369.00,1,,,,,,,N,N,N,,,N,,N,
2017.00,22,196156.00,1877007.00,PDSG,7F7D291A07,18000.00,1453.00,1,,,,,,,N,N,N,,,N,,N,
2017.00,22,196171.00,1877022.00,PDSG,132313521A,17000.00,1450.00,1,,,,,,,N,N,N,,,N,,N,
2017.00,22,196187.00,1877038.00,PDSG,220F01755C,27550.00,1544.00,2,,,,,,,N,N,N,,,N,,N,
2017.00,22,196194.00,1877045.00,PDSG,1F50072169,12500.00,1365.00,1,,,,,,,N,N,N,,,N,,N,
2017.00,22,196146.00,1877054.00,PDSG,470A754E14,5400.00,1172.00,1,,,,,,,N,N,N,,,N,,N,
2017.00,22,196363.00,1877622.00,PDSG,7F7D2D723D,17000.00,1502.00,1,,,,,,,N,N,N,,,N,,N,
2017.00,22,196618.00,1878411.00,PDSG,44440A7B73,14500.00,1426.00,1,,,,,,,N,N,N,,,N,,N,
2017.00,22,196621.00,1878414.00,PDSG,7F7B023408,15500.00,1469.00,1,,,,,,,N,N,N,,,N,,N,
2017.00,22,196621.00,1878415.00,PDSG,115712453A,15000.00,1313.00,1,,,,,,,N,N,N,,,N,,N,
2017.00,22,196621.00,1878416.00,PDSG,1F4A3E1455,15500.00,1397.00,1,,,,,,,N,N,N,,,N,,N,
2017.00,22,196622.00,1878417.00,PDSG,7F7B031F17,20000.00,1434.00,1,,,,,,,N,N,N,,,N,,N,
2017.00,22,196622.00,1878418.00,PDSG,7F7B024F2D,15000.00,1460.00,1,,,,,,,N,N,N,,,N,,N,
2017.00,22,196927.00,1879222.00,PDSG,7F7D24754C,20000.00,1558.00,1,,,,,,,N,U,N,,,N,,N,
2017.00,22,196929.00,1879224.00,PDSG,1F4A0B1A72,15000.00,1441.00,1,,,,,,,N,N,N,,,N,,N,code 71 implanted
2017.00,22,196949.00,1879274.00,PDSG,1F50072169,12000.00,1305.00,1,,,,,,,N,N,N,,,N,,N,
2017.00,22,196950.00,1879275.00,PDSG,444334021A,17000.00,1435.00,1,,,,,,,N,N,N,,,N,,N,
2017.00,22,196956.00,1879281.00,PDSG,115633183A,15000.00,1375.00,1,,,,,,,N,N,N,,,N,,N,
